{"images":[{"name":"sprites_0.png"},{"name":"sprites_1.png"}],"modules":[{"imgIndex":0,"mid":"0x1000","type":0,"x":704,"y":1292,"w":1,"h":1,"desc":"empty","spriteIndex":0},{"imgIndex":0,"mid":"0x1049","type":0,"x":909,"y":1249,"w":168,"h":90,"desc":"clock_bg","spriteIndex":0},{"imgIndex":0,"mid":"0x1004","type":0,"x":115,"y":1217,"w":241,"h":70,"desc":"score_bg","spriteIndex":0},{"imgIndex":0,"mid":"0x1007","type":0,"x":0,"y":1288,"w":216,"h":41,"desc":"score_fill_bar","spriteIndex":0},{"imgIndex":0,"mid":"0x1012","type":0,"x":699,"y":1292,"w":4,"h":40,"desc":"score_highlight","spriteIndex":0},{"imgIndex":0,"mid":"0x1016","type":0,"x":1834,"y":1337,"w":31,"h":40,"desc":"star","spriteIndex":0},{"imgIndex":0,"mid":"0x1017","type":0,"x":906,"y":1340,"w":29,"h":38,"desc":"star_shadow","spriteIndex":0},{"imgIndex":0,"mid":"0x1005","type":0,"x":573,"y":815,"w":278,"h":112,"desc":"logo","spriteIndex":0},{"imgIndex":0,"mid":"0x1006","type":0,"x":510,"y":1292,"w":87,"h":85,"desc":"goblin_avar","spriteIndex":0},{"imgIndex":0,"mid":"0x1008","type":0,"x":317,"y":1335,"w":98,"h":23,"desc":"Ads_txt","spriteIndex":0},{"imgIndex":0,"mid":"0x1009","type":0,"x":464,"y":1335,"w":30,"h":73,"desc":"big_yellow_num_0","spriteIndex":0},{"imgIndex":0,"mid":"0x100A","type":0,"x":2125,"y":1288,"w":22,"h":73,"desc":"big_yellow_num_1","spriteIndex":0},{"imgIndex":0,"mid":"0x100B","type":0,"x":1715,"y":1337,"w":29,"h":72,"desc":"big_yellow_num_2","spriteIndex":0},{"imgIndex":0,"mid":"0x100C","type":0,"x":1805,"y":1337,"w":28,"h":72,"desc":"big_yellow_num_3","spriteIndex":0},{"imgIndex":0,"mid":"0x100D","type":0,"x":2462,"y":1290,"w":41,"h":73,"desc":"big_yellow_num_4","spriteIndex":0},{"imgIndex":0,"mid":"0x1013","type":0,"x":660,"y":1292,"w":38,"h":73,"desc":"big_yellow_num_5","spriteIndex":0},{"imgIndex":0,"mid":"0x100E","type":0,"x":1439,"y":1337,"w":30,"h":72,"desc":"big_yellow_num_6","spriteIndex":0},{"imgIndex":0,"mid":"0x100F","type":0,"x":1625,"y":1337,"w":29,"h":73,"desc":"big_yellow_num_7","spriteIndex":0},{"imgIndex":0,"mid":"0x1010","type":0,"x":1470,"y":1337,"w":30,"h":72,"desc":"big_yellow_num_8","spriteIndex":0},{"imgIndex":0,"mid":"0x1011","type":0,"x":1501,"y":1337,"w":30,"h":72,"desc":"big_yellow_num_9","spriteIndex":0},{"imgIndex":0,"mid":"0x1014","type":0,"x":0,"y":745,"w":196,"h":196,"desc":"aim","spriteIndex":0},{"imgIndex":0,"mid":"0x1015","type":0,"x":1078,"y":1324,"w":168,"h":40,"desc":"GL_logo","spriteIndex":0},{"imgIndex":0,"mid":"0x1018","type":0,"x":60,"y":1330,"w":51,"h":53,"desc":"plus_symbol","spriteIndex":0},{"imgIndex":0,"mid":"0x1019","type":0,"x":1991,"y":1352,"w":11,"h":31,"desc":"small_yellow_num_0","spriteIndex":0},{"imgIndex":0,"mid":"0x101A","type":0,"x":328,"y":1359,"w":7,"h":31,"desc":"small_yellow_num_1","spriteIndex":0},{"imgIndex":0,"mid":"0x101B","type":0,"x":2516,"y":1353,"w":10,"h":31,"desc":"small_yellow_num_2","spriteIndex":0},{"imgIndex":0,"mid":"0x101C","type":0,"x":2527,"y":1353,"w":10,"h":31,"desc":"small_yellow_num_3","spriteIndex":0},{"imgIndex":0,"mid":"0x101D","type":0,"x":1956,"y":1352,"w":12,"h":31,"desc":"small_yellow_num_4","spriteIndex":0},{"imgIndex":0,"mid":"0x101E","type":0,"x":2538,"y":1353,"w":10,"h":31,"desc":"small_yellow_num_5","spriteIndex":0},{"imgIndex":0,"mid":"0x101F","type":0,"x":2003,"y":1352,"w":11,"h":31,"desc":"small_yellow_num_6","spriteIndex":0},{"imgIndex":0,"mid":"0x1020","type":0,"x":2015,"y":1352,"w":9,"h":31,"desc":"small_yellow_num_7","spriteIndex":0},{"imgIndex":0,"mid":"0x1021","type":0,"x":2504,"y":1353,"w":11,"h":31,"desc":"small_yellow_num_8","spriteIndex":0},{"imgIndex":0,"mid":"0x1022","type":0,"x":317,"y":1359,"w":10,"h":31,"desc":"small_yellow_num_9","spriteIndex":0},{"imgIndex":0,"mid":"0x1023","type":0,"x":146,"y":1330,"w":47,"h":47,"desc":"retry_btn","spriteIndex":0},{"imgIndex":0,"mid":"0x1024","type":0,"x":416,"y":1335,"w":47,"h":47,"desc":"close_btn","spriteIndex":0},{"imgIndex":0,"mid":"0x1025","type":0,"x":1408,"y":1337,"w":30,"h":73,"desc":"big_orange_num_0","spriteIndex":0},{"imgIndex":0,"mid":"0x1026","type":0,"x":194,"y":1330,"w":22,"h":73,"desc":"big_orange_num_1","spriteIndex":0},{"imgIndex":0,"mid":"0x1027","type":0,"x":1745,"y":1337,"w":29,"h":72,"desc":"big_orange_num_2","spriteIndex":0},{"imgIndex":0,"mid":"0x1028","type":0,"x":1775,"y":1337,"w":29,"h":72,"desc":"big_orange_num_3","spriteIndex":0},{"imgIndex":0,"mid":"0x1029","type":0,"x":112,"y":1330,"w":33,"h":73,"desc":"big_orange_num_4","spriteIndex":0},{"imgIndex":0,"mid":"0x102E","type":0,"x":1655,"y":1337,"w":29,"h":73,"desc":"big_orange_num_5","spriteIndex":0},{"imgIndex":0,"mid":"0x102A","type":0,"x":1532,"y":1337,"w":30,"h":72,"desc":"big_orange_num_6","spriteIndex":0},{"imgIndex":0,"mid":"0x102B","type":0,"x":1685,"y":1337,"w":29,"h":73,"desc":"big_orange_num_7","spriteIndex":0},{"imgIndex":0,"mid":"0x102C","type":0,"x":1563,"y":1337,"w":30,"h":72,"desc":"big_orange_num_8","spriteIndex":0},{"imgIndex":0,"mid":"0x102D","type":0,"x":1594,"y":1337,"w":30,"h":72,"desc":"big_orange_num_9","spriteIndex":0},{"imgIndex":0,"mid":"0x1030","type":0,"x":1969,"y":1352,"w":21,"h":17,"desc":"minus_symbol","spriteIndex":0},{"imgIndex":0,"mid":"0x102F","type":0,"x":573,"y":928,"w":171,"h":171,"desc":"bullet","spriteIndex":0},{"imgIndex":0,"mid":"0x1033","type":0,"x":1889,"y":1167,"w":67,"h":184,"desc":"enemy_effect","spriteIndex":0},{"imgIndex":0,"mid":"0x1034","type":0,"x":1957,"y":1167,"w":67,"h":184,"desc":"enemy_effect1","spriteIndex":0},{"imgIndex":0,"mid":"0x1037","type":0,"x":2504,"y":1183,"w":49,"h":169,"desc":"enemy_effect2","spriteIndex":0},{"imgIndex":0,"mid":"0x1039","type":0,"x":794,"y":1098,"w":114,"h":169,"desc":"enemy_effect3","spriteIndex":0},{"imgIndex":0,"mid":"0x103A","type":0,"x":745,"y":928,"w":169,"h":169,"desc":"enemy_effect4","spriteIndex":0},{"imgIndex":0,"mid":"0x103B","type":0,"x":1314,"y":1105,"w":114,"h":169,"desc":"enemy_effect5","spriteIndex":0},{"imgIndex":0,"mid":"0x1038","type":0,"x":1258,"y":1249,"w":49,"h":169,"desc":"enemy_effect6","spriteIndex":0},{"imgIndex":0,"mid":"0x1035","type":0,"x":197,"y":745,"w":187,"h":187,"desc":"enemy_effect7","spriteIndex":0},{"imgIndex":0,"mid":"0x1036","type":0,"x":1554,"y":809,"w":187,"h":187,"desc":"enemy_effect8","spriteIndex":0},{"imgIndex":0,"mid":"0x103C","type":0,"x":697,"y":572,"w":240,"h":242,"desc":"enemy_effect9","spriteIndex":0},{"imgIndex":0,"mid":"0x1003","type":0,"x":452,"y":572,"w":244,"h":242,"desc":"enemy_effect10","spriteIndex":0},{"imgIndex":0,"mid":"0x103F","type":0,"x":706,"y":1255,"w":49,"h":169,"desc":"enemy","spriteIndex":0},{"imgIndex":0,"mid":"0x103E","type":0,"x":2260,"y":997,"w":132,"h":185,"desc":"enemy1","spriteIndex":0},{"imgIndex":0,"mid":"0x103D","type":0,"x":1742,"y":809,"w":187,"h":187,"desc":"enemy2","spriteIndex":0},{"imgIndex":0,"mid":"0x1041","type":0,"x":197,"y":933,"w":169,"h":169,"desc":"enemy3","spriteIndex":0},{"imgIndex":0,"mid":"0x1042","type":0,"x":0,"y":1112,"w":114,"h":169,"desc":"enemy4","spriteIndex":0},{"imgIndex":0,"mid":"0x1040","type":0,"x":756,"y":1268,"w":49,"h":169,"desc":"enemy5","spriteIndex":0},{"imgIndex":0,"mid":"0x1045","type":0,"x":806,"y":1268,"w":49,"h":169,"desc":"bomb","spriteIndex":0},{"imgIndex":0,"mid":"0x1044","type":0,"x":915,"y":1000,"w":132,"h":185,"desc":"bomb1","spriteIndex":0},{"imgIndex":0,"mid":"0x1043","type":0,"x":1930,"y":809,"w":187,"h":187,"desc":"bomb2","spriteIndex":0},{"imgIndex":0,"mid":"0x1047","type":0,"x":1353,"y":935,"w":169,"h":169,"desc":"bomb3","spriteIndex":0},{"imgIndex":0,"mid":"0x1048","type":0,"x":2033,"y":1118,"w":114,"h":169,"desc":"bomb4","spriteIndex":0},{"imgIndex":0,"mid":"0x1046","type":0,"x":856,"y":1268,"w":49,"h":169,"desc":"bomb5","spriteIndex":0},{"imgIndex":0,"mid":"0x1001","type":0,"x":452,"y":395,"w":583,"h":176,"desc":"end_scr_txt1","spriteIndex":0},{"imgIndex":0,"mid":"0x1002","type":0,"x":500,"y":1100,"w":293,"h":79,"desc":"end_scr_txt2","spriteIndex":0},{"imgIndex":0,"mid":"0x104A","type":0,"x":500,"y":1180,"w":247,"h":74,"desc":"GP_icon","spriteIndex":0},{"imgIndex":0,"mid":"0x104B","type":0,"x":2148,"y":1183,"w":248,"h":73,"desc":"App_icon","spriteIndex":0},{"imgIndex":0,"mid":"0x104C","type":0,"x":1267,"y":809,"w":286,"h":125,"desc":"play_again_btn","spriteIndex":0},{"imgIndex":0,"mid":"0x104D","type":0,"x":1856,"y":395,"w":445,"h":174,"desc":"cta_btn","spriteIndex":0},{"imgIndex":0,"mid":"0x104E","type":0,"x":598,"y":1292,"w":61,"h":59,"desc":"end_screen_star","spriteIndex":0},{"imgIndex":0,"mid":"0x104F","type":0,"x":0,"y":1330,"w":59,"h":56,"desc":"end_screen_star_shadow","spriteIndex":0},{"imgIndex":0,"mid":"0x1050","type":0,"x":0,"y":340,"w":451,"h":404,"desc":"end_screen_flag","spriteIndex":0},{"imgIndex":0,"mid":"0x1059","type":0,"x":0,"y":0,"w":593,"h":339,"desc":"exit_popup","spriteIndex":0},{"imgIndex":0,"mid":"0x105A","type":0,"x":2033,"y":997,"w":226,"h":120,"desc":"exit_popup_quit","spriteIndex":0},{"imgIndex":0,"mid":"0x105B","type":0,"x":1126,"y":935,"w":226,"h":127,"desc":"exit_popup_resume","spriteIndex":0},{"imgIndex":0,"mid":"0x105D","type":0,"x":357,"y":1255,"w":348,"h":36,"desc":"exit_popup_txt","spriteIndex":0},{"imgIndex":0,"mid":"0x105C","type":0,"x":170,"y":1103,"w":194,"h":113,"desc":"ok_btn","spriteIndex":0},{"imgIndex":0,"mid":"0x105E","type":0,"x":1400,"y":395,"w":455,"h":174,"desc":"disconnect_txt","spriteIndex":0},{"imgIndex":0,"mid":"0x105F","type":0,"x":2397,"y":1183,"w":106,"h":106,"desc":"dwarf_icon","spriteIndex":0},{"imgIndex":0,"mid":"0x1086","type":0,"x":2148,"y":1257,"w":106,"h":106,"desc":"dwarf_icon1","spriteIndex":0},{"imgIndex":0,"mid":"0x1087","type":0,"x":2255,"y":1257,"w":106,"h":106,"desc":"dwarf_icon2","spriteIndex":0},{"imgIndex":0,"mid":"0x1060","type":0,"x":1912,"y":1352,"w":17,"h":27,"desc":"indicator","spriteIndex":0},{"imgIndex":0,"mid":"0x1061","type":0,"x":938,"y":651,"w":328,"h":160,"desc":"new_logo","spriteIndex":0},{"imgIndex":0,"mid":"0x1062","type":0,"x":1078,"y":1249,"w":179,"h":74,"desc":"combo","spriteIndex":0},{"imgIndex":0,"mid":"0x1031","type":0,"x":1308,"y":1275,"w":49,"h":169,"desc":"banana","spriteIndex":0},{"imgIndex":0,"mid":"0x1032","type":0,"x":367,"y":1003,"w":132,"h":185,"desc":"banana1","spriteIndex":0},{"imgIndex":0,"mid":"0x1051","type":0,"x":2118,"y":809,"w":187,"h":187,"desc":"banana2","spriteIndex":0},{"imgIndex":0,"mid":"0x1052","type":0,"x":0,"y":942,"w":169,"h":169,"desc":"banana3","spriteIndex":0},{"imgIndex":0,"mid":"0x1053","type":0,"x":1429,"y":1167,"w":114,"h":169,"desc":"banana4","spriteIndex":0},{"imgIndex":0,"mid":"0x1054","type":0,"x":1358,"y":1275,"w":49,"h":169,"desc":"banana5","spriteIndex":0},{"imgIndex":0,"mid":"0x1055","type":0,"x":217,"y":1288,"w":49,"h":169,"desc":"milk","spriteIndex":0},{"imgIndex":0,"mid":"0x1056","type":0,"x":2393,"y":997,"w":132,"h":185,"desc":"milk1","spriteIndex":0},{"imgIndex":0,"mid":"0x1057","type":0,"x":2306,"y":809,"w":187,"h":187,"desc":"milk2","spriteIndex":0},{"imgIndex":0,"mid":"0x1058","type":0,"x":1523,"y":997,"w":169,"h":169,"desc":"milk3","spriteIndex":0},{"imgIndex":0,"mid":"0x1063","type":0,"x":1544,"y":1167,"w":114,"h":169,"desc":"milk4","spriteIndex":0},{"imgIndex":0,"mid":"0x1064","type":0,"x":267,"y":1288,"w":49,"h":169,"desc":"milk5","spriteIndex":0},{"imgIndex":0,"mid":"0x106B","type":0,"x":2025,"y":1288,"w":49,"h":169,"desc":"enemy1_1","spriteIndex":0},{"imgIndex":0,"mid":"0x106C","type":0,"x":1048,"y":1063,"w":132,"h":185,"desc":"enemy1_2","spriteIndex":0},{"imgIndex":0,"mid":"0x106D","type":0,"x":938,"y":812,"w":187,"h":187,"desc":"enemy1_3","spriteIndex":0},{"imgIndex":0,"mid":"0x106E","type":0,"x":1693,"y":997,"w":169,"h":169,"desc":"enemy1_4","spriteIndex":0},{"imgIndex":0,"mid":"0x106F","type":0,"x":1659,"y":1167,"w":114,"h":169,"desc":"enemy1_5","spriteIndex":0},{"imgIndex":0,"mid":"0x1070","type":0,"x":2075,"y":1288,"w":49,"h":169,"desc":"enemy1_6","spriteIndex":0},{"imgIndex":0,"mid":"0x1065","type":0,"x":2362,"y":1290,"w":49,"h":169,"desc":"enemy2_1","spriteIndex":0},{"imgIndex":0,"mid":"0x1066","type":0,"x":1181,"y":1063,"w":132,"h":185,"desc":"enemy2_2","spriteIndex":0},{"imgIndex":0,"mid":"0x1067","type":0,"x":385,"y":815,"w":187,"h":187,"desc":"enemy2_3","spriteIndex":0},{"imgIndex":0,"mid":"0x1068","type":0,"x":1863,"y":997,"w":169,"h":169,"desc":"enemy2_4","spriteIndex":0},{"imgIndex":0,"mid":"0x1069","type":0,"x":1774,"y":1167,"w":114,"h":169,"desc":"enemy2_5","spriteIndex":0},{"imgIndex":0,"mid":"0x106A","type":0,"x":2412,"y":1290,"w":49,"h":169,"desc":"enemy2_6","spriteIndex":0},{"imgIndex":0,"mid":"0x1071","type":0,"x":317,"y":1292,"w":192,"h":42,"desc":"end_screen_score","spriteIndex":0},{"imgIndex":0,"mid":"0x1072","type":0,"x":495,"y":1335,"w":14,"h":42,"desc":"end_screen_num_0","spriteIndex":0},{"imgIndex":0,"mid":"0x1073","type":0,"x":1247,"y":1324,"w":10,"h":42,"desc":"end_screen_num_1","spriteIndex":0},{"imgIndex":0,"mid":"0x1074","type":0,"x":998,"y":1340,"w":13,"h":42,"desc":"end_screen_num_2","spriteIndex":0},{"imgIndex":0,"mid":"0x1075","type":0,"x":1012,"y":1340,"w":13,"h":42,"desc":"end_screen_num_3","spriteIndex":0},{"imgIndex":0,"mid":"0x1076","type":0,"x":1866,"y":1337,"w":15,"h":42,"desc":"end_screen_num_4","spriteIndex":0},{"imgIndex":0,"mid":"0x1077","type":0,"x":598,"y":1352,"w":12,"h":42,"desc":"end_screen_num_5","spriteIndex":0},{"imgIndex":0,"mid":"0x1078","type":0,"x":936,"y":1340,"w":14,"h":42,"desc":"end_screen_num_6","spriteIndex":0},{"imgIndex":0,"mid":"0x1079","type":0,"x":1026,"y":1340,"w":13,"h":42,"desc":"end_screen_num_7","spriteIndex":0},{"imgIndex":0,"mid":"0x107B","type":0,"x":951,"y":1340,"w":14,"h":42,"desc":"end_screen_num_8","spriteIndex":0},{"imgIndex":0,"mid":"0x107C","type":0,"x":966,"y":1340,"w":14,"h":42,"desc":"end_screen_num_9","spriteIndex":0},{"imgIndex":0,"mid":"0x107A","type":0,"x":611,"y":1352,"w":14,"h":35,"desc":"small_orange_num_0","spriteIndex":0},{"imgIndex":0,"mid":"0x107D","type":0,"x":1944,"y":1352,"w":11,"h":35,"desc":"small_orange_num_1","spriteIndex":0},{"imgIndex":0,"mid":"0x107E","type":0,"x":626,"y":1352,"w":14,"h":35,"desc":"small_orange_num_2","spriteIndex":0},{"imgIndex":0,"mid":"0x107F","type":0,"x":641,"y":1352,"w":14,"h":35,"desc":"small_orange_num_3","spriteIndex":0},{"imgIndex":0,"mid":"0x1080","type":0,"x":981,"y":1340,"w":16,"h":35,"desc":"small_orange_num_4","spriteIndex":0},{"imgIndex":0,"mid":"0x1081","type":0,"x":1930,"y":1352,"w":13,"h":35,"desc":"small_orange_num_5","spriteIndex":0},{"imgIndex":0,"mid":"0x1082","type":0,"x":1040,"y":1340,"w":15,"h":35,"desc":"small_orange_num_6","spriteIndex":0},{"imgIndex":0,"mid":"0x1083","type":0,"x":1882,"y":1352,"w":14,"h":35,"desc":"small_orange_num_7","spriteIndex":0},{"imgIndex":0,"mid":"0x1084","type":0,"x":1056,"y":1340,"w":15,"h":35,"desc":"small_orange_num_8","spriteIndex":0},{"imgIndex":0,"mid":"0x1085","type":0,"x":1897,"y":1352,"w":14,"h":35,"desc":"small_orange_num_9","spriteIndex":0},{"imgIndex":0,"mid":"0x1000","type":0,"x":704,"y":1294,"w":1,"h":1,"desc":"empty","spriteIndex":1},{"imgIndex":0,"mid":"0x1031","type":0,"x":594,"y":0,"w":474,"h":394,"desc":"slingshot1","spriteIndex":1},{"imgIndex":0,"mid":"0x1051","type":0,"x":1069,"y":0,"w":474,"h":394,"desc":"slingshot2","spriteIndex":1},{"imgIndex":0,"mid":"0x1052","type":0,"x":1544,"y":0,"w":474,"h":394,"desc":"slingshot3","spriteIndex":1},{"imgIndex":0,"mid":"0x1053","type":0,"x":2019,"y":0,"w":474,"h":394,"desc":"slingshot4","spriteIndex":1},{"imgIndex":0,"mid":"0x1054","type":0,"x":1036,"y":395,"w":363,"h":255,"desc":"slingshot5","spriteIndex":1},{"imgIndex":0,"mid":"0x1032","type":0,"x":1400,"y":570,"w":271,"h":238,"desc":"bullet_effect1","spriteIndex":1},{"imgIndex":0,"mid":"0x1055","type":0,"x":1672,"y":570,"w":271,"h":238,"desc":"bullet_effect2","spriteIndex":1},{"imgIndex":0,"mid":"0x1056","type":0,"x":1944,"y":570,"w":271,"h":238,"desc":"bullet_effect3","spriteIndex":1},{"imgIndex":0,"mid":"0x1057","type":0,"x":2216,"y":570,"w":271,"h":238,"desc":"bullet_effect4","spriteIndex":1},{"imgIndex":1,"mid":"0x1058","type":0,"x":603,"y":528,"w":308,"h":238,"desc":"bullet_effect5","spriteIndex":1},{"imgIndex":1,"mid":"0x102C","type":0,"x":1445,"y":579,"w":1,"h":1,"desc":"empty","spriteIndex":2},{"imgIndex":1,"mid":"0x1000","type":0,"x":0,"y":763,"w":459,"h":74,"desc":"tap_continue","spriteIndex":2},{"imgIndex":1,"mid":"0x1002","type":0,"x":1260,"y":831,"w":128,"h":16,"desc":"txt_1","spriteIndex":2},{"imgIndex":1,"mid":"0x100C","type":0,"x":851,"y":831,"w":408,"h":15,"desc":"txt_2","spriteIndex":2},{"imgIndex":1,"mid":"0x101F","type":0,"x":603,"y":424,"w":885,"h":103,"desc":"txt_3","spriteIndex":2},{"imgIndex":1,"mid":"0x1021","type":0,"x":851,"y":0,"w":535,"h":423,"desc":"slingshot","spriteIndex":2},{"imgIndex":1,"mid":"0x1022","type":0,"x":1241,"y":654,"w":196,"h":176,"desc":"aim","spriteIndex":2},{"imgIndex":1,"mid":"0x1023","type":0,"x":460,"y":813,"w":156,"h":39,"desc":"GL_logo","spriteIndex":2},{"imgIndex":1,"mid":"0x1024","type":0,"x":617,"y":813,"w":118,"h":34,"desc":"ads_txt","spriteIndex":2},{"imgIndex":1,"mid":"0x1025","type":0,"x":1438,"y":528,"w":50,"h":50,"desc":"close","spriteIndex":2},{"imgIndex":1,"mid":"0x1026","type":0,"x":460,"y":619,"w":137,"h":155,"desc":"loading","spriteIndex":2},{"imgIndex":1,"mid":"0x1001","type":0,"x":0,"y":619,"w":392,"h":143,"desc":"play_btn","spriteIndex":2},{"imgIndex":1,"mid":"0x1003","type":0,"x":912,"y":528,"w":490,"h":125,"desc":"disconnect_txt","spriteIndex":2},{"imgIndex":1,"mid":"0x1004","type":0,"x":912,"y":654,"w":328,"h":160,"desc":"new_logo","spriteIndex":2},{"imgIndex":1,"mid":"0x1006","type":0,"x":598,"y":767,"w":161,"h":45,"desc":"loading_txt","spriteIndex":2},{"imgIndex":1,"mid":"0x1008","type":0,"x":1438,"y":579,"w":6,"h":6,"desc":"dot","spriteIndex":2},{"imgIndex":1,"mid":"0x1005","type":0,"x":0,"y":0,"w":850,"h":320,"desc":"tutorial_1","spriteIndex":2},{"imgIndex":1,"mid":"0x1007","type":0,"x":0,"y":321,"w":602,"h":297,"desc":"tutorial_2","spriteIndex":2}],"fmodules":[{"fmodulesID":0,"x":0,"y":0,"fmodulesRotation":0,"fmodulesScaleX":100,"fmodulesScaleY":100},{"fmodulesID":1,"x":136,"y":-365,"fmodulesRotation":0,"fmodulesScaleX":100,"fmodulesScaleY":100},{"fmodulesID":2,"x":349,"y":-351,"fmodulesRotation":0,"fmodulesScaleX":100,"fmodulesScaleY":100},{"fmodulesID":3,"x":0,"y":-21,"fmodulesRotation":0,"fmodulesScaleX":100,"fmodulesScaleY":100},{"fmodulesID":4,"x":-4,"y":-20,"fmodulesRotation":0,"fmodulesScaleX":100,"fmodulesScaleY":100},{"fmodulesID":6,"x":400,"y":-301,"fmodulesRotation":0,"fmodulesScaleX":100,"fmodulesScaleY":100},{"fmodulesID":6,"x":443,"y":-301,"fmodulesRotation":0,"fmodulesScaleX":100,"fmodulesScaleY":100},{"fmodulesID":6,"x":508,"y":-301,"fmodulesRotation":0,"fmodulesScaleX":100,"fmodulesScaleY":100},{"fmodulesID":5,"x":400,"y":-301,"fmodulesRotation":0,"fmodulesScaleX":100,"fmodulesScaleY":100},{"fmodulesID":5,"x":400,"y":-301,"fmodulesRotation":0,"fmodulesScaleX":100,"fmodulesScaleY":100},{"fmodulesID":5,"x":443,"y":-301,"fmodulesRotation":0,"fmodulesScaleX":100,"fmodulesScaleY":100},{"fmodulesID":5,"x":400,"y":-301,"fmodulesRotation":0,"fmodulesScaleX":100,"fmodulesScaleY":100},{"fmodulesID":5,"x":443,"y":-301,"fmodulesRotation":0,"fmodulesScaleX":100,"fmodulesScaleY":100},{"fmodulesID":5,"x":508,"y":-301,"fmodulesRotation":0,"fmodulesScaleX":100,"fmodulesScaleY":100},{"fmodulesID":7,"x":-662,"y":-367,"fmodulesRotation":0,"fmodulesScaleX":100,"fmodulesScaleY":100},{"fmodulesID":8,"x":313,"y":-367,"fmodulesRotation":0,"fmodulesScaleX":100,"fmodulesScaleY":100},{"fmodulesID":9,"x":563,"y":346,"fmodulesRotation":0,"fmodulesScaleX":100,"fmodulesScaleY":100},{"fmodulesID":10,"x":-15,"y":-36,"fmodulesRotation":0,"fmodulesScaleX":100,"fmodulesScaleY":100},{"fmodulesID":11,"x":-11,"y":-36,"fmodulesRotation":0,"fmodulesScaleX":100,"fmodulesScaleY":100},{"fmodulesID":12,"x":-14,"y":-36,"fmodulesRotation":0,"fmodulesScaleX":100,"fmodulesScaleY":100},{"fmodulesID":13,"x":-14,"y":-36,"fmodulesRotation":0,"fmodulesScaleX":100,"fmodulesScaleY":100},{"fmodulesID":14,"x":-20,"y":-36,"fmodulesRotation":0,"fmodulesScaleX":100,"fmodulesScaleY":100},{"fmodulesID":15,"x":-19,"y":-36,"fmodulesRotation":0,"fmodulesScaleX":100,"fmodulesScaleY":100},{"fmodulesID":16,"x":-15,"y":-36,"fmodulesRotation":0,"fmodulesScaleX":100,"fmodulesScaleY":100},{"fmodulesID":17,"x":-14,"y":-36,"fmodulesRotation":0,"fmodulesScaleX":100,"fmodulesScaleY":100},{"fmodulesID":18,"x":-15,"y":-36,"fmodulesRotation":0,"fmodulesScaleX":100,"fmodulesScaleY":100},{"fmodulesID":19,"x":-15,"y":-36,"fmodulesRotation":0,"fmodulesScaleX":100,"fmodulesScaleY":100},{"fmodulesID":20,"x":-98,"y":-98,"fmodulesRotation":0,"fmodulesScaleX":100,"fmodulesScaleY":100},{"fmodulesID":21,"x":-661,"y":329,"fmodulesRotation":0,"fmodulesScaleX":100,"fmodulesScaleY":100},{"fmodulesID":22,"x":-25,"y":-26,"fmodulesRotation":0,"fmodulesScaleX":100,"fmodulesScaleY":100},{"fmodulesID":23,"x":-5,"y":-15,"fmodulesRotation":0,"fmodulesScaleX":100,"fmodulesScaleY":100},{"fmodulesID":24,"x":-3,"y":-15,"fmodulesRotation":0,"fmodulesScaleX":100,"fmodulesScaleY":100},{"fmodulesID":25,"x":-5,"y":-15,"fmodulesRotation":0,"fmodulesScaleX":100,"fmodulesScaleY":100},{"fmodulesID":26,"x":-5,"y":-15,"fmodulesRotation":0,"fmodulesScaleX":100,"fmodulesScaleY":100},{"fmodulesID":27,"x":-6,"y":-15,"fmodulesRotation":0,"fmodulesScaleX":100,"fmodulesScaleY":100},{"fmodulesID":28,"x":-5,"y":-15,"fmodulesRotation":0,"fmodulesScaleX":100,"fmodulesScaleY":100},{"fmodulesID":29,"x":-5,"y":-15,"fmodulesRotation":0,"fmodulesScaleX":100,"fmodulesScaleY":100},{"fmodulesID":30,"x":-4,"y":-15,"fmodulesRotation":0,"fmodulesScaleX":100,"fmodulesScaleY":100},{"fmodulesID":31,"x":-5,"y":-15,"fmodulesRotation":0,"fmodulesScaleX":100,"fmodulesScaleY":100},{"fmodulesID":32,"x":-5,"y":-15,"fmodulesRotation":0,"fmodulesScaleX":100,"fmodulesScaleY":100},{"fmodulesID":33,"x":-23,"y":-23,"fmodulesRotation":0,"fmodulesScaleX":100,"fmodulesScaleY":100},{"fmodulesID":34,"x":610,"y":-345,"fmodulesRotation":0,"fmodulesScaleX":100,"fmodulesScaleY":100},{"fmodulesID":35,"x":-15,"y":-36,"fmodulesRotation":0,"fmodulesScaleX":100,"fmodulesScaleY":100},{"fmodulesID":36,"x":-11,"y":-36,"fmodulesRotation":0,"fmodulesScaleX":100,"fmodulesScaleY":100},{"fmodulesID":37,"x":-14,"y":-36,"fmodulesRotation":0,"fmodulesScaleX":100,"fmodulesScaleY":100},{"fmodulesID":38,"x":-14,"y":-36,"fmodulesRotation":0,"fmodulesScaleX":100,"fmodulesScaleY":100},{"fmodulesID":39,"x":-16,"y":-36,"fmodulesRotation":0,"fmodulesScaleX":100,"fmodulesScaleY":100},{"fmodulesID":40,"x":-14,"y":-36,"fmodulesRotation":0,"fmodulesScaleX":100,"fmodulesScaleY":100},{"fmodulesID":41,"x":-15,"y":-36,"fmodulesRotation":0,"fmodulesScaleX":100,"fmodulesScaleY":100},{"fmodulesID":42,"x":-14,"y":-36,"fmodulesRotation":0,"fmodulesScaleX":100,"fmodulesScaleY":100},{"fmodulesID":43,"x":-15,"y":-36,"fmodulesRotation":0,"fmodulesScaleX":100,"fmodulesScaleY":100},{"fmodulesID":44,"x":-15,"y":-36,"fmodulesRotation":0,"fmodulesScaleX":100,"fmodulesScaleY":100},{"fmodulesID":45,"x":-10,"y":-8,"fmodulesRotation":0,"fmodulesScaleX":100,"fmodulesScaleY":100},{"fmodulesID":46,"x":-85,"y":-85,"fmodulesRotation":0,"fmodulesScaleX":100,"fmodulesScaleY":100},{"fmodulesID":47,"x":-33,"y":-92,"fmodulesRotation":0,"fmodulesScaleX":100,"fmodulesScaleY":100},{"fmodulesID":48,"x":-33,"y":-92,"fmodulesRotation":0,"fmodulesScaleX":100,"fmodulesScaleY":100},{"fmodulesID":49,"x":-24,"y":-84,"fmodulesRotation":0,"fmodulesScaleX":100,"fmodulesScaleY":100},{"fmodulesID":50,"x":-57,"y":-84,"fmodulesRotation":0,"fmodulesScaleX":100,"fmodulesScaleY":100},{"fmodulesID":51,"x":-84,"y":-84,"fmodulesRotation":0,"fmodulesScaleX":100,"fmodulesScaleY":100},{"fmodulesID":52,"x":-57,"y":-84,"fmodulesRotation":0,"fmodulesScaleX":100,"fmodulesScaleY":100},{"fmodulesID":53,"x":-24,"y":-84,"fmodulesRotation":0,"fmodulesScaleX":100,"fmodulesScaleY":100},{"fmodulesID":54,"x":-93,"y":-93,"fmodulesRotation":0,"fmodulesScaleX":100,"fmodulesScaleY":100},{"fmodulesID":55,"x":-93,"y":-93,"fmodulesRotation":0,"fmodulesScaleX":100,"fmodulesScaleY":100},{"fmodulesID":56,"x":-120,"y":-121,"fmodulesRotation":0,"fmodulesScaleX":100,"fmodulesScaleY":100},{"fmodulesID":57,"x":-122,"y":-121,"fmodulesRotation":0,"fmodulesScaleX":100,"fmodulesScaleY":100},{"fmodulesID":58,"x":-24,"y":-84,"fmodulesRotation":0,"fmodulesScaleX":100,"fmodulesScaleY":100},{"fmodulesID":59,"x":-66,"y":-92,"fmodulesRotation":0,"fmodulesScaleX":100,"fmodulesScaleY":100},{"fmodulesID":60,"x":-93,"y":-93,"fmodulesRotation":0,"fmodulesScaleX":100,"fmodulesScaleY":100},{"fmodulesID":61,"x":-84,"y":-84,"fmodulesRotation":0,"fmodulesScaleX":100,"fmodulesScaleY":100},{"fmodulesID":62,"x":-57,"y":-84,"fmodulesRotation":0,"fmodulesScaleX":100,"fmodulesScaleY":100},{"fmodulesID":63,"x":-24,"y":-84,"fmodulesRotation":0,"fmodulesScaleX":100,"fmodulesScaleY":100},{"fmodulesID":58,"x":-24,"y":-84,"fmodulesRotation":0,"fmodulesScaleX":100,"fmodulesScaleY":100},{"fmodulesID":59,"x":-66,"y":-92,"fmodulesRotation":0,"fmodulesScaleX":100,"fmodulesScaleY":100},{"fmodulesID":60,"x":-93,"y":-93,"fmodulesRotation":0,"fmodulesScaleX":100,"fmodulesScaleY":100},{"fmodulesID":61,"x":-84,"y":-84,"fmodulesRotation":0,"fmodulesScaleX":100,"fmodulesScaleY":100},{"fmodulesID":62,"x":-57,"y":-84,"fmodulesRotation":0,"fmodulesScaleX":100,"fmodulesScaleY":100},{"fmodulesID":63,"x":-24,"y":-84,"fmodulesRotation":0,"fmodulesScaleX":100,"fmodulesScaleY":100},{"fmodulesID":64,"x":-24,"y":-84,"fmodulesRotation":0,"fmodulesScaleX":100,"fmodulesScaleY":100},{"fmodulesID":65,"x":-66,"y":-92,"fmodulesRotation":0,"fmodulesScaleX":100,"fmodulesScaleY":100},{"fmodulesID":66,"x":-93,"y":-93,"fmodulesRotation":0,"fmodulesScaleX":100,"fmodulesScaleY":100},{"fmodulesID":67,"x":-84,"y":-84,"fmodulesRotation":0,"fmodulesScaleX":100,"fmodulesScaleY":100},{"fmodulesID":68,"x":-57,"y":-84,"fmodulesRotation":0,"fmodulesScaleX":100,"fmodulesScaleY":100},{"fmodulesID":69,"x":-24,"y":-84,"fmodulesRotation":0,"fmodulesScaleX":100,"fmodulesScaleY":100},{"fmodulesID":70,"x":60,"y":6,"fmodulesRotation":0,"fmodulesScaleX":100,"fmodulesScaleY":100},{"fmodulesID":71,"x":-407,"y":291,"fmodulesRotation":0,"fmodulesScaleX":100,"fmodulesScaleY":100},{"fmodulesID":72,"x":-657,"y":291,"fmodulesRotation":0,"fmodulesScaleX":100,"fmodulesScaleY":100},{"fmodulesID":73,"x":-657,"y":291,"fmodulesRotation":0,"fmodulesScaleX":100,"fmodulesScaleY":100},{"fmodulesID":78,"x":134,"y":-376,"fmodulesRotation":0,"fmodulesScaleX":100,"fmodulesScaleY":100},{"fmodulesID":74,"x":204,"y":-221,"fmodulesRotation":0,"fmodulesScaleX":100,"fmodulesScaleY":100},{"fmodulesID":75,"x":-222,"y":-72,"fmodulesRotation":0,"fmodulesScaleX":100,"fmodulesScaleY":100},{"fmodulesID":77,"x":226,"y":-344,"fmodulesRotation":0,"fmodulesScaleX":100,"fmodulesScaleY":100},{"fmodulesID":77,"x":311,"y":-344,"fmodulesRotation":0,"fmodulesScaleX":100,"fmodulesScaleY":100},{"fmodulesID":77,"x":395,"y":-344,"fmodulesRotation":0,"fmodulesScaleX":100,"fmodulesScaleY":100},{"fmodulesID":76,"x":227,"y":-344,"fmodulesRotation":0,"fmodulesScaleX":100,"fmodulesScaleY":100},{"fmodulesID":76,"x":312,"y":-344,"fmodulesRotation":0,"fmodulesScaleX":100,"fmodulesScaleY":100},{"fmodulesID":76,"x":395,"y":-344,"fmodulesRotation":0,"fmodulesScaleX":100,"fmodulesScaleY":100},{"fmodulesID":79,"x":-296,"y":-169,"fmodulesRotation":0,"fmodulesScaleX":100,"fmodulesScaleY":100},{"fmodulesID":80,"x":-221,"y":6,"fmodulesRotation":0,"fmodulesScaleX":100,"fmodulesScaleY":100},{"fmodulesID":81,"x":3,"y":6,"fmodulesRotation":0,"fmodulesScaleX":100,"fmodulesScaleY":100},{"fmodulesID":82,"x":-174,"y":-82,"fmodulesRotation":0,"fmodulesScaleX":100,"fmodulesScaleY":100},{"fmodulesID":22,"x":-87,"y":-25,"fmodulesRotation":0,"fmodulesScaleX":100,"fmodulesScaleY":100},{"fmodulesID":11,"x":-22,"y":-35,"fmodulesRotation":0,"fmodulesScaleX":100,"fmodulesScaleY":100},{"fmodulesID":10,"x":2,"y":-35,"fmodulesRotation":0,"fmodulesScaleX":100,"fmodulesScaleY":100},{"fmodulesID":22,"x":-87,"y":-25,"fmodulesRotation":0,"fmodulesScaleX":100,"fmodulesScaleY":100},{"fmodulesID":10,"x":2,"y":-35,"fmodulesRotation":0,"fmodulesScaleX":100,"fmodulesScaleY":100},{"fmodulesID":12,"x":-27,"y":-35,"fmodulesRotation":0,"fmodulesScaleX":100,"fmodulesScaleY":100},{"fmodulesID":22,"x":-87,"y":-25,"fmodulesRotation":0,"fmodulesScaleX":100,"fmodulesScaleY":100},{"fmodulesID":10,"x":2,"y":-35,"fmodulesRotation":0,"fmodulesScaleX":100,"fmodulesScaleY":100},{"fmodulesID":13,"x":-26,"y":-35,"fmodulesRotation":0,"fmodulesScaleX":100,"fmodulesScaleY":100},{"fmodulesID":45,"x":-55,"y":-5,"fmodulesRotation":0,"fmodulesScaleX":100,"fmodulesScaleY":100},{"fmodulesID":36,"x":-23,"y":-35,"fmodulesRotation":0,"fmodulesScaleX":100,"fmodulesScaleY":100},{"fmodulesID":35,"x":-5,"y":-35,"fmodulesRotation":0,"fmodulesScaleX":100,"fmodulesScaleY":100},{"fmodulesID":45,"x":-55,"y":-5,"fmodulesRotation":0,"fmodulesScaleX":100,"fmodulesScaleY":100},{"fmodulesID":35,"x":-5,"y":-35,"fmodulesRotation":0,"fmodulesScaleX":100,"fmodulesScaleY":100},{"fmodulesID":37,"x":-28,"y":-35,"fmodulesRotation":0,"fmodulesScaleX":100,"fmodulesScaleY":100},{"fmodulesID":45,"x":-55,"y":-5,"fmodulesRotation":0,"fmodulesScaleX":100,"fmodulesScaleY":100},{"fmodulesID":35,"x":-5,"y":-35,"fmodulesRotation":0,"fmodulesScaleX":100,"fmodulesScaleY":100},{"fmodulesID":38,"x":-28,"y":-35,"fmodulesRotation":0,"fmodulesScaleX":100,"fmodulesScaleY":100},{"fmodulesID":83,"x":-95,"y":101,"fmodulesRotation":0,"fmodulesScaleX":100,"fmodulesScaleY":100},{"fmodulesID":84,"x":-228,"y":-101,"fmodulesRotation":0,"fmodulesScaleX":100,"fmodulesScaleY":100},{"fmodulesID":85,"x":-53,"y":-53,"fmodulesRotation":0,"fmodulesScaleX":100,"fmodulesScaleY":100},{"fmodulesID":88,"x":-9,"y":-13,"fmodulesRotation":0,"fmodulesScaleX":100,"fmodulesScaleY":100},{"fmodulesID":89,"x":-651,"y":-341,"fmodulesRotation":0,"fmodulesScaleX":100,"fmodulesScaleY":100},{"fmodulesID":90,"x":-103,"y":-74,"fmodulesRotation":0,"fmodulesScaleX":100,"fmodulesScaleY":100},{"fmodulesID":13,"x":79,"y":-74,"fmodulesRotation":0,"fmodulesScaleX":100,"fmodulesScaleY":100},{"fmodulesID":13,"x":5,"y":3,"fmodulesRotation":0,"fmodulesScaleX":100,"fmodulesScaleY":100},{"fmodulesID":10,"x":32,"y":3,"fmodulesRotation":0,"fmodulesScaleX":100,"fmodulesScaleY":100},{"fmodulesID":22,"x":-49,"y":12,"fmodulesRotation":0,"fmodulesScaleX":100,"fmodulesScaleY":100},{"fmodulesID":90,"x":-103,"y":-74,"fmodulesRotation":0,"fmodulesScaleX":100,"fmodulesScaleY":100},{"fmodulesID":10,"x":32,"y":3,"fmodulesRotation":0,"fmodulesScaleX":100,"fmodulesScaleY":100},{"fmodulesID":22,"x":-49,"y":12,"fmodulesRotation":0,"fmodulesScaleX":100,"fmodulesScaleY":100},{"fmodulesID":16,"x":78,"y":-74,"fmodulesRotation":0,"fmodulesScaleX":100,"fmodulesScaleY":100},{"fmodulesID":16,"x":4,"y":3,"fmodulesRotation":0,"fmodulesScaleX":100,"fmodulesScaleY":100},{"fmodulesID":90,"x":-103,"y":-74,"fmodulesRotation":0,"fmodulesScaleX":100,"fmodulesScaleY":100},{"fmodulesID":10,"x":32,"y":3,"fmodulesRotation":0,"fmodulesScaleX":100,"fmodulesScaleY":100},{"fmodulesID":22,"x":-49,"y":12,"fmodulesRotation":0,"fmodulesScaleX":100,"fmodulesScaleY":100},{"fmodulesID":19,"x":79,"y":-74,"fmodulesRotation":0,"fmodulesScaleX":100,"fmodulesScaleY":100},{"fmodulesID":19,"x":4,"y":3,"fmodulesRotation":0,"fmodulesScaleX":100,"fmodulesScaleY":100},{"fmodulesID":90,"x":-103,"y":-74,"fmodulesRotation":0,"fmodulesScaleX":100,"fmodulesScaleY":100},{"fmodulesID":10,"x":57,"y":3,"fmodulesRotation":0,"fmodulesScaleX":100,"fmodulesScaleY":100},{"fmodulesID":22,"x":-49,"y":12,"fmodulesRotation":0,"fmodulesScaleX":100,"fmodulesScaleY":100},{"fmodulesID":11,"x":82,"y":-74,"fmodulesRotation":0,"fmodulesScaleX":100,"fmodulesScaleY":100},{"fmodulesID":12,"x":102,"y":-74,"fmodulesRotation":0,"fmodulesScaleX":100,"fmodulesScaleY":100},{"fmodulesID":11,"x":10,"y":3,"fmodulesRotation":0,"fmodulesScaleX":100,"fmodulesScaleY":100},{"fmodulesID":12,"x":30,"y":3,"fmodulesRotation":0,"fmodulesScaleX":100,"fmodulesScaleY":100},{"fmodulesID":90,"x":-103,"y":-74,"fmodulesRotation":0,"fmodulesScaleX":100,"fmodulesScaleY":100},{"fmodulesID":10,"x":57,"y":3,"fmodulesRotation":0,"fmodulesScaleX":100,"fmodulesScaleY":100},{"fmodulesID":22,"x":-49,"y":12,"fmodulesRotation":0,"fmodulesScaleX":100,"fmodulesScaleY":100},{"fmodulesID":11,"x":82,"y":-74,"fmodulesRotation":0,"fmodulesScaleX":100,"fmodulesScaleY":100},{"fmodulesID":11,"x":10,"y":3,"fmodulesRotation":0,"fmodulesScaleX":100,"fmodulesScaleY":100},{"fmodulesID":15,"x":93,"y":-74,"fmodulesRotation":0,"fmodulesScaleX":100,"fmodulesScaleY":100},{"fmodulesID":15,"x":21,"y":3,"fmodulesRotation":0,"fmodulesScaleX":100,"fmodulesScaleY":100},{"fmodulesID":90,"x":-103,"y":-74,"fmodulesRotation":0,"fmodulesScaleX":100,"fmodulesScaleY":100},{"fmodulesID":10,"x":57,"y":3,"fmodulesRotation":0,"fmodulesScaleX":100,"fmodulesScaleY":100},{"fmodulesID":22,"x":-49,"y":12,"fmodulesRotation":0,"fmodulesScaleX":100,"fmodulesScaleY":100},{"fmodulesID":11,"x":82,"y":-74,"fmodulesRotation":0,"fmodulesScaleX":100,"fmodulesScaleY":100},{"fmodulesID":11,"x":10,"y":3,"fmodulesRotation":0,"fmodulesScaleX":100,"fmodulesScaleY":100},{"fmodulesID":18,"x":102,"y":-74,"fmodulesRotation":0,"fmodulesScaleX":100,"fmodulesScaleY":100},{"fmodulesID":18,"x":29,"y":3,"fmodulesRotation":0,"fmodulesScaleX":100,"fmodulesScaleY":100},{"fmodulesID":90,"x":-103,"y":-74,"fmodulesRotation":0,"fmodulesScaleX":100,"fmodulesScaleY":100},{"fmodulesID":10,"x":57,"y":3,"fmodulesRotation":0,"fmodulesScaleX":100,"fmodulesScaleY":100},{"fmodulesID":22,"x":-49,"y":12,"fmodulesRotation":0,"fmodulesScaleX":100,"fmodulesScaleY":100},{"fmodulesID":11,"x":108,"y":-74,"fmodulesRotation":0,"fmodulesScaleX":100,"fmodulesScaleY":100},{"fmodulesID":11,"x":38,"y":3,"fmodulesRotation":0,"fmodulesScaleX":100,"fmodulesScaleY":100},{"fmodulesID":12,"x":10,"y":3,"fmodulesRotation":0,"fmodulesScaleX":100,"fmodulesScaleY":100},{"fmodulesID":12,"x":80,"y":-74,"fmodulesRotation":0,"fmodulesScaleX":100,"fmodulesScaleY":100},{"fmodulesID":90,"x":-103,"y":-74,"fmodulesRotation":0,"fmodulesScaleX":100,"fmodulesScaleY":100},{"fmodulesID":10,"x":65,"y":3,"fmodulesRotation":0,"fmodulesScaleX":100,"fmodulesScaleY":100},{"fmodulesID":22,"x":-49,"y":12,"fmodulesRotation":0,"fmodulesScaleX":100,"fmodulesScaleY":100},{"fmodulesID":14,"x":26,"y":3,"fmodulesRotation":0,"fmodulesScaleX":100,"fmodulesScaleY":100},{"fmodulesID":12,"x":10,"y":3,"fmodulesRotation":0,"fmodulesScaleX":100,"fmodulesScaleY":100},{"fmodulesID":12,"x":80,"y":-74,"fmodulesRotation":0,"fmodulesScaleX":100,"fmodulesScaleY":100},{"fmodulesID":14,"x":96,"y":-74,"fmodulesRotation":0,"fmodulesScaleX":100,"fmodulesScaleY":100},{"fmodulesID":90,"x":-103,"y":-74,"fmodulesRotation":0,"fmodulesScaleX":100,"fmodulesScaleY":100},{"fmodulesID":10,"x":65,"y":3,"fmodulesRotation":0,"fmodulesScaleX":100,"fmodulesScaleY":100},{"fmodulesID":22,"x":-49,"y":12,"fmodulesRotation":0,"fmodulesScaleX":100,"fmodulesScaleY":100},{"fmodulesID":17,"x":38,"y":3,"fmodulesRotation":0,"fmodulesScaleX":100,"fmodulesScaleY":100},{"fmodulesID":12,"x":10,"y":3,"fmodulesRotation":0,"fmodulesScaleX":100,"fmodulesScaleY":100},{"fmodulesID":12,"x":80,"y":-74,"fmodulesRotation":0,"fmodulesScaleX":100,"fmodulesScaleY":100},{"fmodulesID":17,"x":109,"y":-74,"fmodulesRotation":0,"fmodulesScaleX":100,"fmodulesScaleY":100},{"fmodulesID":90,"x":-103,"y":-74,"fmodulesRotation":0,"fmodulesScaleX":100,"fmodulesScaleY":100},{"fmodulesID":10,"x":64,"y":3,"fmodulesRotation":0,"fmodulesScaleX":100,"fmodulesScaleY":100},{"fmodulesID":22,"x":-49,"y":12,"fmodulesRotation":0,"fmodulesScaleX":100,"fmodulesScaleY":100},{"fmodulesID":13,"x":9,"y":3,"fmodulesRotation":0,"fmodulesScaleX":100,"fmodulesScaleY":100},{"fmodulesID":10,"x":36,"y":3,"fmodulesRotation":0,"fmodulesScaleX":100,"fmodulesScaleY":100},{"fmodulesID":13,"x":80,"y":-74,"fmodulesRotation":0,"fmodulesScaleX":100,"fmodulesScaleY":100},{"fmodulesID":10,"x":107,"y":-74,"fmodulesRotation":0,"fmodulesScaleX":100,"fmodulesScaleY":100},{"fmodulesID":91,"x":-24,"y":-84,"fmodulesRotation":0,"fmodulesScaleX":100,"fmodulesScaleY":100},{"fmodulesID":92,"x":-66,"y":-92,"fmodulesRotation":0,"fmodulesScaleX":100,"fmodulesScaleY":100},{"fmodulesID":93,"x":-93,"y":-93,"fmodulesRotation":0,"fmodulesScaleX":100,"fmodulesScaleY":100},{"fmodulesID":94,"x":-84,"y":-84,"fmodulesRotation":0,"fmodulesScaleX":100,"fmodulesScaleY":100},{"fmodulesID":95,"x":-57,"y":-84,"fmodulesRotation":0,"fmodulesScaleX":100,"fmodulesScaleY":100},{"fmodulesID":96,"x":-24,"y":-84,"fmodulesRotation":0,"fmodulesScaleX":100,"fmodulesScaleY":100},{"fmodulesID":97,"x":-24,"y":-84,"fmodulesRotation":0,"fmodulesScaleX":100,"fmodulesScaleY":100},{"fmodulesID":98,"x":-66,"y":-92,"fmodulesRotation":0,"fmodulesScaleX":100,"fmodulesScaleY":100},{"fmodulesID":99,"x":-93,"y":-93,"fmodulesRotation":0,"fmodulesScaleX":100,"fmodulesScaleY":100},{"fmodulesID":100,"x":-84,"y":-84,"fmodulesRotation":0,"fmodulesScaleX":100,"fmodulesScaleY":100},{"fmodulesID":101,"x":-57,"y":-84,"fmodulesRotation":0,"fmodulesScaleX":100,"fmodulesScaleY":100},{"fmodulesID":102,"x":-24,"y":-84,"fmodulesRotation":0,"fmodulesScaleX":100,"fmodulesScaleY":100},{"fmodulesID":103,"x":-24,"y":-85,"fmodulesRotation":0,"fmodulesScaleX":100,"fmodulesScaleY":100},{"fmodulesID":104,"x":-66,"y":-93,"fmodulesRotation":0,"fmodulesScaleX":100,"fmodulesScaleY":100},{"fmodulesID":105,"x":-93,"y":-94,"fmodulesRotation":0,"fmodulesScaleX":100,"fmodulesScaleY":100},{"fmodulesID":106,"x":-84,"y":-85,"fmodulesRotation":0,"fmodulesScaleX":100,"fmodulesScaleY":100},{"fmodulesID":107,"x":-57,"y":-85,"fmodulesRotation":0,"fmodulesScaleX":100,"fmodulesScaleY":100},{"fmodulesID":108,"x":-24,"y":-85,"fmodulesRotation":0,"fmodulesScaleX":100,"fmodulesScaleY":100},{"fmodulesID":109,"x":-25,"y":-85,"fmodulesRotation":0,"fmodulesScaleX":100,"fmodulesScaleY":100},{"fmodulesID":110,"x":-66,"y":-93,"fmodulesRotation":0,"fmodulesScaleX":100,"fmodulesScaleY":100},{"fmodulesID":111,"x":-94,"y":-94,"fmodulesRotation":0,"fmodulesScaleX":100,"fmodulesScaleY":100},{"fmodulesID":112,"x":-85,"y":-85,"fmodulesRotation":0,"fmodulesScaleX":100,"fmodulesScaleY":100},{"fmodulesID":113,"x":-57,"y":-85,"fmodulesRotation":0,"fmodulesScaleX":100,"fmodulesScaleY":100},{"fmodulesID":114,"x":-25,"y":-85,"fmodulesRotation":0,"fmodulesScaleX":100,"fmodulesScaleY":100},{"fmodulesID":115,"x":0,"y":-21,"fmodulesRotation":0,"fmodulesScaleX":100,"fmodulesScaleY":100},{"fmodulesID":116,"x":-7,"y":-21,"fmodulesRotation":0,"fmodulesScaleX":100,"fmodulesScaleY":100},{"fmodulesID":117,"x":-5,"y":-21,"fmodulesRotation":0,"fmodulesScaleX":100,"fmodulesScaleY":100},{"fmodulesID":118,"x":-6,"y":-21,"fmodulesRotation":0,"fmodulesScaleX":100,"fmodulesScaleY":100},{"fmodulesID":119,"x":-6,"y":-21,"fmodulesRotation":0,"fmodulesScaleX":100,"fmodulesScaleY":100},{"fmodulesID":120,"x":-7,"y":-21,"fmodulesRotation":0,"fmodulesScaleX":100,"fmodulesScaleY":100},{"fmodulesID":121,"x":-6,"y":-21,"fmodulesRotation":0,"fmodulesScaleX":100,"fmodulesScaleY":100},{"fmodulesID":122,"x":-7,"y":-21,"fmodulesRotation":0,"fmodulesScaleX":100,"fmodulesScaleY":100},{"fmodulesID":123,"x":-6,"y":-21,"fmodulesRotation":0,"fmodulesScaleX":100,"fmodulesScaleY":100},{"fmodulesID":124,"x":-7,"y":-21,"fmodulesRotation":0,"fmodulesScaleX":100,"fmodulesScaleY":100},{"fmodulesID":125,"x":-7,"y":-21,"fmodulesRotation":0,"fmodulesScaleX":100,"fmodulesScaleY":100},{"fmodulesID":126,"x":-7,"y":-17,"fmodulesRotation":0,"fmodulesScaleX":100,"fmodulesScaleY":100},{"fmodulesID":127,"x":-5,"y":-17,"fmodulesRotation":0,"fmodulesScaleX":100,"fmodulesScaleY":100},{"fmodulesID":128,"x":-7,"y":-17,"fmodulesRotation":0,"fmodulesScaleX":100,"fmodulesScaleY":100},{"fmodulesID":129,"x":-7,"y":-17,"fmodulesRotation":0,"fmodulesScaleX":100,"fmodulesScaleY":100},{"fmodulesID":130,"x":-8,"y":-17,"fmodulesRotation":0,"fmodulesScaleX":100,"fmodulesScaleY":100},{"fmodulesID":131,"x":-6,"y":-17,"fmodulesRotation":0,"fmodulesScaleX":100,"fmodulesScaleY":100},{"fmodulesID":132,"x":-7,"y":-17,"fmodulesRotation":0,"fmodulesScaleX":100,"fmodulesScaleY":100},{"fmodulesID":133,"x":-7,"y":-17,"fmodulesRotation":0,"fmodulesScaleX":100,"fmodulesScaleY":100},{"fmodulesID":134,"x":-7,"y":-17,"fmodulesRotation":0,"fmodulesScaleX":100,"fmodulesScaleY":100},{"fmodulesID":135,"x":-7,"y":-17,"fmodulesRotation":0,"fmodulesScaleX":100,"fmodulesScaleY":100},{"fmodulesID":86,"x":-53,"y":-53,"fmodulesRotation":0,"fmodulesScaleX":100,"fmodulesScaleY":100},{"fmodulesID":87,"x":-53,"y":-53,"fmodulesRotation":0,"fmodulesScaleX":100,"fmodulesScaleY":100},{"fmodulesID":136,"x":0,"y":0,"fmodulesRotation":0,"fmodulesScaleX":100,"fmodulesScaleY":100},{"fmodulesID":137,"x":-237,"y":-197,"fmodulesRotation":0,"fmodulesScaleX":100,"fmodulesScaleY":100},{"fmodulesID":138,"x":-237,"y":-197,"fmodulesRotation":0,"fmodulesScaleX":100,"fmodulesScaleY":100},{"fmodulesID":139,"x":-237,"y":-197,"fmodulesRotation":0,"fmodulesScaleX":100,"fmodulesScaleY":100},{"fmodulesID":140,"x":-237,"y":-197,"fmodulesRotation":0,"fmodulesScaleX":100,"fmodulesScaleY":100},{"fmodulesID":141,"x":-217,"y":-64,"fmodulesRotation":0,"fmodulesScaleX":100,"fmodulesScaleY":100},{"fmodulesID":142,"x":-135,"y":-119,"fmodulesRotation":0,"fmodulesScaleX":100,"fmodulesScaleY":100},{"fmodulesID":143,"x":-135,"y":-119,"fmodulesRotation":0,"fmodulesScaleX":100,"fmodulesScaleY":100},{"fmodulesID":144,"x":-135,"y":-119,"fmodulesRotation":0,"fmodulesScaleX":100,"fmodulesScaleY":100},{"fmodulesID":145,"x":-135,"y":-119,"fmodulesRotation":0,"fmodulesScaleX":100,"fmodulesScaleY":100},{"fmodulesID":146,"x":-135,"y":-119,"fmodulesRotation":0,"fmodulesScaleX":100,"fmodulesScaleY":100},{"fmodulesID":147,"x":0,"y":0,"fmodulesRotation":0,"fmodulesScaleX":100,"fmodulesScaleY":100},{"fmodulesID":148,"x":-229,"y":-37,"fmodulesRotation":0,"fmodulesScaleX":100,"fmodulesScaleY":100},{"fmodulesID":149,"x":-657,"y":292,"fmodulesRotation":0,"fmodulesScaleX":100,"fmodulesScaleY":100},{"fmodulesID":150,"x":-657,"y":315,"fmodulesRotation":0,"fmodulesScaleX":100,"fmodulesScaleY":100},{"fmodulesID":151,"x":-304,"y":-363,"fmodulesRotation":0,"fmodulesScaleX":100,"fmodulesScaleY":100},{"fmodulesID":152,"x":133,"y":-14,"fmodulesRotation":0,"fmodulesScaleX":100,"fmodulesScaleY":100},{"fmodulesID":153,"x":20,"y":-171,"fmodulesRotation":0,"fmodulesScaleX":100,"fmodulesScaleY":100},{"fmodulesID":154,"x":-662,"y":331,"fmodulesRotation":0,"fmodulesScaleX":100,"fmodulesScaleY":100},{"fmodulesID":155,"x":549,"y":337,"fmodulesRotation":0,"fmodulesScaleX":100,"fmodulesScaleY":100},{"fmodulesID":156,"x":607,"y":-365,"fmodulesRotation":0,"fmodulesScaleX":100,"fmodulesScaleY":100},{"fmodulesID":157,"x":-68,"y":-77,"fmodulesRotation":0,"fmodulesScaleX":100,"fmodulesScaleY":100},{"fmodulesID":161,"x":-86,"y":95,"fmodulesRotation":0,"fmodulesScaleX":100,"fmodulesScaleY":100},{"fmodulesID":161,"x":-86,"y":95,"fmodulesRotation":0,"fmodulesScaleX":100,"fmodulesScaleY":100},{"fmodulesID":162,"x":75,"y":134,"fmodulesRotation":0,"fmodulesScaleX":100,"fmodulesScaleY":100},{"fmodulesID":161,"x":-86,"y":95,"fmodulesRotation":0,"fmodulesScaleX":100,"fmodulesScaleY":100},{"fmodulesID":162,"x":75,"y":134,"fmodulesRotation":0,"fmodulesScaleX":100,"fmodulesScaleY":100},{"fmodulesID":162,"x":81,"y":134,"fmodulesRotation":0,"fmodulesScaleX":100,"fmodulesScaleY":100},{"fmodulesID":158,"x":-215,"y":16,"fmodulesRotation":0,"fmodulesScaleX":100,"fmodulesScaleY":100},{"fmodulesID":159,"x":-245,"y":-137,"fmodulesRotation":0,"fmodulesScaleX":100,"fmodulesScaleY":100},{"fmodulesID":160,"x":-660,"y":-343,"fmodulesRotation":0,"fmodulesScaleX":100,"fmodulesScaleY":100},{"fmodulesID":163,"x":-425,"y":63,"fmodulesRotation":0,"fmodulesScaleX":100,"fmodulesScaleY":100},{"fmodulesID":164,"x":-301,"y":63,"fmodulesRotation":0,"fmodulesScaleX":100,"fmodulesScaleY":100}],"frames":[{"rect":[],"fid":"0x2000","fmCount":1,"fmStartIndex":0,"desc":"empty","spriteIndex":0},{"rect":[],"fid":"0x2001","fmCount":1,"fmStartIndex":1,"desc":"clock_bg","spriteIndex":0},{"rect":[],"fid":"0x2002","fmCount":1,"fmStartIndex":2,"desc":"score_bg","spriteIndex":0},{"rect":[],"fid":"0x2003","fmCount":1,"fmStartIndex":3,"desc":"score_fill_bar","spriteIndex":0},{"rect":[],"fid":"0x2004","fmCount":1,"fmStartIndex":4,"desc":"score_highlight","spriteIndex":0},{"rect":[],"fid":"0x2006","fmCount":3,"fmStartIndex":5,"desc":"star_shadow","spriteIndex":0},{"rect":[],"fid":"0x2005","fmCount":1,"fmStartIndex":8,"desc":"star1","spriteIndex":0},{"rect":[],"fid":"0x206B","fmCount":2,"fmStartIndex":9,"desc":"star2","spriteIndex":0},{"rect":[],"fid":"0x206C","fmCount":3,"fmStartIndex":11,"desc":"star3","spriteIndex":0},{"rect":[],"fid":"0x2007","fmCount":1,"fmStartIndex":14,"desc":"logo","spriteIndex":0},{"rect":[],"fid":"0x2008","fmCount":1,"fmStartIndex":15,"desc":"goblin_avar","spriteIndex":0},{"rect":[],"fid":"0x2009","fmCount":1,"fmStartIndex":16,"desc":"Ads_txt","spriteIndex":0},{"rect":[],"fid":"0x200A","fmCount":1,"fmStartIndex":17,"desc":"big_yellow_num_0","spriteIndex":0},{"rect":[],"fid":"0x200B","fmCount":1,"fmStartIndex":18,"desc":"big_yellow_num_1","spriteIndex":0},{"rect":[],"fid":"0x200C","fmCount":1,"fmStartIndex":19,"desc":"big_yellow_num_2","spriteIndex":0},{"rect":[],"fid":"0x200D","fmCount":1,"fmStartIndex":20,"desc":"big_yellow_num_3","spriteIndex":0},{"rect":[],"fid":"0x200E","fmCount":1,"fmStartIndex":21,"desc":"big_yellow_num_4","spriteIndex":0},{"rect":[],"fid":"0x200F","fmCount":1,"fmStartIndex":22,"desc":"big_yellow_num_5","spriteIndex":0},{"rect":[],"fid":"0x2010","fmCount":1,"fmStartIndex":23,"desc":"big_yellow_num_6","spriteIndex":0},{"rect":[],"fid":"0x2011","fmCount":1,"fmStartIndex":24,"desc":"big_yellow_num_7","spriteIndex":0},{"rect":[],"fid":"0x2012","fmCount":1,"fmStartIndex":25,"desc":"big_yellow_num_8","spriteIndex":0},{"rect":[],"fid":"0x2013","fmCount":1,"fmStartIndex":26,"desc":"big_yellow_num_9","spriteIndex":0},{"rect":[],"fid":"0x2014","fmCount":1,"fmStartIndex":27,"desc":"aim","spriteIndex":0},{"rect":[],"fid":"0x2015","fmCount":1,"fmStartIndex":28,"desc":"GL_logo","spriteIndex":0},{"rect":[],"fid":"0x2016","fmCount":1,"fmStartIndex":29,"desc":"plus_symbol","spriteIndex":0},{"rect":[],"fid":"0x2017","fmCount":1,"fmStartIndex":30,"desc":"small_yellow_num_0","spriteIndex":0},{"rect":[],"fid":"0x2018","fmCount":1,"fmStartIndex":31,"desc":"small_yellow_num_1","spriteIndex":0},{"rect":[],"fid":"0x2019","fmCount":1,"fmStartIndex":32,"desc":"small_yellow_num_2","spriteIndex":0},{"rect":[],"fid":"0x201A","fmCount":1,"fmStartIndex":33,"desc":"small_yellow_num_3","spriteIndex":0},{"rect":[],"fid":"0x201B","fmCount":1,"fmStartIndex":34,"desc":"small_yellow_num_4","spriteIndex":0},{"rect":[],"fid":"0x201C","fmCount":1,"fmStartIndex":35,"desc":"small_yellow_num_5","spriteIndex":0},{"rect":[],"fid":"0x201D","fmCount":1,"fmStartIndex":36,"desc":"small_yellow_num_6","spriteIndex":0},{"rect":[],"fid":"0x201E","fmCount":1,"fmStartIndex":37,"desc":"small_yellow_num_7","spriteIndex":0},{"rect":[],"fid":"0x201F","fmCount":1,"fmStartIndex":38,"desc":"small_yellow_num_8","spriteIndex":0},{"rect":[],"fid":"0x2020","fmCount":1,"fmStartIndex":39,"desc":"small_yellow_num_9","spriteIndex":0},{"rect":[],"fid":"0x2021","fmCount":1,"fmStartIndex":40,"desc":"retry_btn","spriteIndex":0},{"rect":[],"fid":"0x2022","fmCount":1,"fmStartIndex":41,"desc":"close_btn","spriteIndex":0},{"rect":[],"fid":"0x2023","fmCount":1,"fmStartIndex":42,"desc":"big_orange_num_0","spriteIndex":0},{"rect":[],"fid":"0x2024","fmCount":1,"fmStartIndex":43,"desc":"big_orange_num_1","spriteIndex":0},{"rect":[],"fid":"0x2025","fmCount":1,"fmStartIndex":44,"desc":"big_orange_num_2","spriteIndex":0},{"rect":[],"fid":"0x2026","fmCount":1,"fmStartIndex":45,"desc":"big_orange_num_3","spriteIndex":0},{"rect":[],"fid":"0x2027","fmCount":1,"fmStartIndex":46,"desc":"big_orange_num_4","spriteIndex":0},{"rect":[],"fid":"0x2028","fmCount":1,"fmStartIndex":47,"desc":"big_orange_num_5","spriteIndex":0},{"rect":[],"fid":"0x2029","fmCount":1,"fmStartIndex":48,"desc":"big_orange_num_6","spriteIndex":0},{"rect":[],"fid":"0x202A","fmCount":1,"fmStartIndex":49,"desc":"big_orange_num_7","spriteIndex":0},{"rect":[],"fid":"0x202B","fmCount":1,"fmStartIndex":50,"desc":"big_orange_num_8","spriteIndex":0},{"rect":[],"fid":"0x202C","fmCount":1,"fmStartIndex":51,"desc":"big_orange_num_9","spriteIndex":0},{"rect":[],"fid":"0x202D","fmCount":1,"fmStartIndex":52,"desc":"minus_symbol","spriteIndex":0},{"rect":[],"fid":"0x2030","fmCount":1,"fmStartIndex":53,"desc":"bullet","spriteIndex":0},{"rect":[],"fid":"0x2031","fmCount":1,"fmStartIndex":54,"desc":"enemy_effect","spriteIndex":0},{"rect":[],"fid":"0x2032","fmCount":1,"fmStartIndex":55,"desc":"enemy_effect1","spriteIndex":0},{"rect":[],"fid":"0x2033","fmCount":1,"fmStartIndex":56,"desc":"enemy_effect2","spriteIndex":0},{"rect":[],"fid":"0x2034","fmCount":1,"fmStartIndex":57,"desc":"enemy_effect3","spriteIndex":0},{"rect":[],"fid":"0x2035","fmCount":1,"fmStartIndex":58,"desc":"enemy_effect4","spriteIndex":0},{"rect":[],"fid":"0x2036","fmCount":1,"fmStartIndex":59,"desc":"enemy_effect5","spriteIndex":0},{"rect":[],"fid":"0x2037","fmCount":1,"fmStartIndex":60,"desc":"enemy_effect6","spriteIndex":0},{"rect":[],"fid":"0x2038","fmCount":1,"fmStartIndex":61,"desc":"enemy_effect7","spriteIndex":0},{"rect":[],"fid":"0x2039","fmCount":1,"fmStartIndex":62,"desc":"enemy_effect8","spriteIndex":0},{"rect":[],"fid":"0x203A","fmCount":1,"fmStartIndex":63,"desc":"enemy_effect9","spriteIndex":0},{"rect":[],"fid":"0x203B","fmCount":1,"fmStartIndex":64,"desc":"enemy_effect10","spriteIndex":0},{"rect":[],"fid":"0x203C","fmCount":1,"fmStartIndex":65,"desc":"enemy","spriteIndex":0},{"rect":[],"fid":"0x203D","fmCount":1,"fmStartIndex":66,"desc":"enemy1","spriteIndex":0},{"rect":[],"fid":"0x203E","fmCount":1,"fmStartIndex":67,"desc":"enemy2","spriteIndex":0},{"rect":[],"fid":"0x203F","fmCount":1,"fmStartIndex":68,"desc":"enemy3","spriteIndex":0},{"rect":[],"fid":"0x2040","fmCount":1,"fmStartIndex":69,"desc":"enemy4","spriteIndex":0},{"rect":[],"fid":"0x2041","fmCount":1,"fmStartIndex":70,"desc":"enemy5","spriteIndex":0},{"rect":[],"fid":"0x2048","fmCount":1,"fmStartIndex":71,"desc":"white_enemy","spriteIndex":0},{"rect":[],"fid":"0x2049","fmCount":1,"fmStartIndex":72,"desc":"white_enemy1","spriteIndex":0},{"rect":[],"fid":"0x204A","fmCount":1,"fmStartIndex":73,"desc":"white_enemy2","spriteIndex":0},{"rect":[],"fid":"0x204B","fmCount":1,"fmStartIndex":74,"desc":"white_enemy3","spriteIndex":0},{"rect":[],"fid":"0x204C","fmCount":1,"fmStartIndex":75,"desc":"white_enemy4","spriteIndex":0},{"rect":[],"fid":"0x204D","fmCount":1,"fmStartIndex":76,"desc":"white_enemy5","spriteIndex":0},{"rect":[],"fid":"0x2042","fmCount":1,"fmStartIndex":77,"desc":"bomb","spriteIndex":0},{"rect":[],"fid":"0x2043","fmCount":1,"fmStartIndex":78,"desc":"bomb1","spriteIndex":0},{"rect":[],"fid":"0x2044","fmCount":1,"fmStartIndex":79,"desc":"bomb2","spriteIndex":0},{"rect":[],"fid":"0x2045","fmCount":1,"fmStartIndex":80,"desc":"bomb3","spriteIndex":0},{"rect":[],"fid":"0x2046","fmCount":1,"fmStartIndex":81,"desc":"bomb4","spriteIndex":0},{"rect":[],"fid":"0x2047","fmCount":1,"fmStartIndex":82,"desc":"bomb5","spriteIndex":0},{"rect":[],"fid":"0x204E","fmCount":1,"fmStartIndex":83,"desc":"end_scr_txt1","spriteIndex":0},{"rect":[],"fid":"0x204F","fmCount":1,"fmStartIndex":84,"desc":"end_scr_txt2","spriteIndex":0},{"rect":[],"fid":"0x2050","fmCount":1,"fmStartIndex":85,"desc":"GP_icon","spriteIndex":0},{"rect":[],"fid":"0x2051","fmCount":1,"fmStartIndex":86,"desc":"App_icon","spriteIndex":0},{"rect":[],"fid":"0x2056","fmCount":1,"fmStartIndex":87,"desc":"end_screen_flag","spriteIndex":0},{"rect":[],"fid":"0x2052","fmCount":1,"fmStartIndex":88,"desc":"play_again_btn","spriteIndex":0},{"rect":[],"fid":"0x2053","fmCount":1,"fmStartIndex":89,"desc":"cta_btn","spriteIndex":0},{"rect":[],"fid":"0x2055","fmCount":3,"fmStartIndex":90,"desc":"end_screen_star_shadow","spriteIndex":0},{"rect":[],"fid":"0x2054","fmCount":1,"fmStartIndex":93,"desc":"end_screen_star_1","spriteIndex":0},{"rect":[],"fid":"0x2058","fmCount":1,"fmStartIndex":94,"desc":"end_screen_star_2","spriteIndex":0},{"rect":[],"fid":"0x2059","fmCount":1,"fmStartIndex":95,"desc":"end_screen_star_3","spriteIndex":0},{"rect":[],"fid":"0x2061","fmCount":1,"fmStartIndex":96,"desc":"exit_popup","spriteIndex":0},{"rect":[],"fid":"0x2062","fmCount":1,"fmStartIndex":97,"desc":"exit_popup_quit","spriteIndex":0},{"rect":[],"fid":"0x2063","fmCount":1,"fmStartIndex":98,"desc":"exit_popup_resume","spriteIndex":0},{"rect":[],"fid":"0x2070","fmCount":1,"fmStartIndex":99,"desc":"exit_popup_txt","spriteIndex":0},{"rect":[],"fid":"0x2064","fmCount":3,"fmStartIndex":100,"desc":"plus_10","spriteIndex":0},{"rect":[],"fid":"0x2065","fmCount":3,"fmStartIndex":103,"desc":"plus_20","spriteIndex":0},{"rect":[],"fid":"0x2066","fmCount":3,"fmStartIndex":106,"desc":"plus_30","spriteIndex":0},{"rect":[],"fid":"0x2067","fmCount":3,"fmStartIndex":109,"desc":"minus_10","spriteIndex":0},{"rect":[],"fid":"0x2068","fmCount":3,"fmStartIndex":112,"desc":"minus_20","spriteIndex":0},{"rect":[],"fid":"0x2069","fmCount":3,"fmStartIndex":115,"desc":"minus_30","spriteIndex":0},{"rect":[],"fid":"0x206A","fmCount":1,"fmStartIndex":118,"desc":"ok_btn","spriteIndex":0},{"rect":[],"fid":"0x206D","fmCount":1,"fmStartIndex":119,"desc":"disconnect_txt","spriteIndex":0},{"rect":[],"fid":"0x206E","fmCount":1,"fmStartIndex":120,"desc":"dwarf_icon","spriteIndex":0},{"rect":[],"fid":"0x206F","fmCount":1,"fmStartIndex":121,"desc":"indicator","spriteIndex":0},{"rect":[],"fid":"0x2071","fmCount":1,"fmStartIndex":122,"desc":"new_logo","spriteIndex":0},{"rect":[],"fid":"0x2072","fmCount":5,"fmStartIndex":123,"desc":"combo_3","spriteIndex":0},{"rect":[],"fid":"0x2073","fmCount":5,"fmStartIndex":128,"desc":"combo_6","spriteIndex":0},{"rect":[],"fid":"0x2074","fmCount":5,"fmStartIndex":133,"desc":"combo_9","spriteIndex":0},{"rect":[],"fid":"0x2075","fmCount":7,"fmStartIndex":138,"desc":"combo_12","spriteIndex":0},{"rect":[],"fid":"0x2076","fmCount":7,"fmStartIndex":145,"desc":"combo_15","spriteIndex":0},{"rect":[],"fid":"0x2077","fmCount":7,"fmStartIndex":152,"desc":"combo_18","spriteIndex":0},{"rect":[],"fid":"0x2078","fmCount":7,"fmStartIndex":159,"desc":"combo_21","spriteIndex":0},{"rect":[],"fid":"0x2079","fmCount":7,"fmStartIndex":166,"desc":"combo_24","spriteIndex":0},{"rect":[],"fid":"0x207A","fmCount":7,"fmStartIndex":173,"desc":"combo_27","spriteIndex":0},{"rect":[],"fid":"0x207B","fmCount":7,"fmStartIndex":180,"desc":"combo_30","spriteIndex":0},{"rect":[],"fid":"0x202E","fmCount":1,"fmStartIndex":187,"desc":"banana","spriteIndex":0},{"rect":[],"fid":"0x202F","fmCount":1,"fmStartIndex":188,"desc":"banana1","spriteIndex":0},{"rect":[],"fid":"0x2057","fmCount":1,"fmStartIndex":189,"desc":"banana2","spriteIndex":0},{"rect":[],"fid":"0x205A","fmCount":1,"fmStartIndex":190,"desc":"banana3","spriteIndex":0},{"rect":[],"fid":"0x205B","fmCount":1,"fmStartIndex":191,"desc":"banana4","spriteIndex":0},{"rect":[],"fid":"0x205C","fmCount":1,"fmStartIndex":192,"desc":"banana5","spriteIndex":0},{"rect":[],"fid":"0x205D","fmCount":1,"fmStartIndex":193,"desc":"milk","spriteIndex":0},{"rect":[],"fid":"0x205E","fmCount":1,"fmStartIndex":194,"desc":"milk1","spriteIndex":0},{"rect":[],"fid":"0x205F","fmCount":1,"fmStartIndex":195,"desc":"milk2","spriteIndex":0},{"rect":[],"fid":"0x2060","fmCount":1,"fmStartIndex":196,"desc":"milk3","spriteIndex":0},{"rect":[],"fid":"0x207C","fmCount":1,"fmStartIndex":197,"desc":"milk4","spriteIndex":0},{"rect":[],"fid":"0x207D","fmCount":1,"fmStartIndex":198,"desc":"milk5","spriteIndex":0},{"rect":[],"fid":"0x207E","fmCount":1,"fmStartIndex":199,"desc":"enemy1_1","spriteIndex":0},{"rect":[],"fid":"0x207F","fmCount":1,"fmStartIndex":200,"desc":"enemy1_2","spriteIndex":0},{"rect":[],"fid":"0x2080","fmCount":1,"fmStartIndex":201,"desc":"enemy1_3","spriteIndex":0},{"rect":[],"fid":"0x2081","fmCount":1,"fmStartIndex":202,"desc":"enemy1_4","spriteIndex":0},{"rect":[],"fid":"0x2082","fmCount":1,"fmStartIndex":203,"desc":"enemy1_5","spriteIndex":0},{"rect":[],"fid":"0x2083","fmCount":1,"fmStartIndex":204,"desc":"enemy1_6","spriteIndex":0},{"rect":[],"fid":"0x2084","fmCount":1,"fmStartIndex":205,"desc":"enemy2_1","spriteIndex":0},{"rect":[],"fid":"0x2085","fmCount":1,"fmStartIndex":206,"desc":"enemy2_2","spriteIndex":0},{"rect":[],"fid":"0x2086","fmCount":1,"fmStartIndex":207,"desc":"enemy2_3","spriteIndex":0},{"rect":[],"fid":"0x2087","fmCount":1,"fmStartIndex":208,"desc":"enemy2_4","spriteIndex":0},{"rect":[],"fid":"0x2088","fmCount":1,"fmStartIndex":209,"desc":"enemy2_5","spriteIndex":0},{"rect":[],"fid":"0x2089","fmCount":1,"fmStartIndex":210,"desc":"enemy2_6","spriteIndex":0},{"rect":[],"fid":"0x208A","fmCount":1,"fmStartIndex":211,"desc":"end_screen_score","spriteIndex":0},{"rect":[],"fid":"0x208B","fmCount":1,"fmStartIndex":212,"desc":"end_screen_num_0","spriteIndex":0},{"rect":[],"fid":"0x208C","fmCount":1,"fmStartIndex":213,"desc":"end_screen_num_1","spriteIndex":0},{"rect":[],"fid":"0x208D","fmCount":1,"fmStartIndex":214,"desc":"end_screen_num_2","spriteIndex":0},{"rect":[],"fid":"0x208E","fmCount":1,"fmStartIndex":215,"desc":"end_screen_num_3","spriteIndex":0},{"rect":[],"fid":"0x208F","fmCount":1,"fmStartIndex":216,"desc":"end_screen_num_4","spriteIndex":0},{"rect":[],"fid":"0x2090","fmCount":1,"fmStartIndex":217,"desc":"end_screen_num_5","spriteIndex":0},{"rect":[],"fid":"0x2091","fmCount":1,"fmStartIndex":218,"desc":"end_screen_num_6","spriteIndex":0},{"rect":[],"fid":"0x2092","fmCount":1,"fmStartIndex":219,"desc":"end_screen_num_7","spriteIndex":0},{"rect":[],"fid":"0x2093","fmCount":1,"fmStartIndex":220,"desc":"end_screen_num_8","spriteIndex":0},{"rect":[],"fid":"0x2094","fmCount":1,"fmStartIndex":221,"desc":"end_screen_num_9","spriteIndex":0},{"rect":[],"fid":"0x2095","fmCount":1,"fmStartIndex":222,"desc":"small_orange_num_0","spriteIndex":0},{"rect":[],"fid":"0x2096","fmCount":1,"fmStartIndex":223,"desc":"small_orange_num_1","spriteIndex":0},{"rect":[],"fid":"0x2097","fmCount":1,"fmStartIndex":224,"desc":"small_orange_num_2","spriteIndex":0},{"rect":[],"fid":"0x2098","fmCount":1,"fmStartIndex":225,"desc":"small_orange_num_3","spriteIndex":0},{"rect":[],"fid":"0x2099","fmCount":1,"fmStartIndex":226,"desc":"small_orange_num_4","spriteIndex":0},{"rect":[],"fid":"0x209A","fmCount":1,"fmStartIndex":227,"desc":"small_orange_num_5","spriteIndex":0},{"rect":[],"fid":"0x209B","fmCount":1,"fmStartIndex":228,"desc":"small_orange_num_6","spriteIndex":0},{"rect":[],"fid":"0x209C","fmCount":1,"fmStartIndex":229,"desc":"small_orange_num_7","spriteIndex":0},{"rect":[],"fid":"0x209D","fmCount":1,"fmStartIndex":230,"desc":"small_orange_num_8","spriteIndex":0},{"rect":[],"fid":"0x209E","fmCount":1,"fmStartIndex":231,"desc":"small_orange_num_9","spriteIndex":0},{"rect":[],"fid":"0x209F","fmCount":1,"fmStartIndex":232,"desc":"dwarf_icon1","spriteIndex":0},{"rect":[],"fid":"0x20A0","fmCount":1,"fmStartIndex":233,"desc":"dwarf_icon2","spriteIndex":0},{"rect":[],"fid":"0x2000","fmCount":1,"fmStartIndex":234,"desc":"empty","spriteIndex":1},{"rect":[],"fid":"0x202E","fmCount":1,"fmStartIndex":235,"desc":"slingshot1","spriteIndex":1},{"rect":[],"fid":"0x2057","fmCount":1,"fmStartIndex":236,"desc":"slingshot2","spriteIndex":1},{"rect":[],"fid":"0x205A","fmCount":1,"fmStartIndex":237,"desc":"slingshot3","spriteIndex":1},{"rect":[],"fid":"0x205B","fmCount":1,"fmStartIndex":238,"desc":"slingshot4","spriteIndex":1},{"rect":[],"fid":"0x205C","fmCount":1,"fmStartIndex":239,"desc":"slingshot5","spriteIndex":1},{"rect":[],"fid":"0x202F","fmCount":1,"fmStartIndex":240,"desc":"bullet_effect1","spriteIndex":1},{"rect":[],"fid":"0x205D","fmCount":1,"fmStartIndex":241,"desc":"bullet_effect2","spriteIndex":1},{"rect":[],"fid":"0x205E","fmCount":1,"fmStartIndex":242,"desc":"bullet_effect3","spriteIndex":1},{"rect":[],"fid":"0x205F","fmCount":1,"fmStartIndex":243,"desc":"bullet_effect4","spriteIndex":1},{"rect":[],"fid":"0x2060","fmCount":1,"fmStartIndex":244,"desc":"bullet_effect5","spriteIndex":1},{"rect":[],"fid":"0x2034","fmCount":1,"fmStartIndex":245,"desc":"empty","spriteIndex":2},{"rect":[],"fid":"0x2001","fmCount":1,"fmStartIndex":246,"desc":"tap_continue","spriteIndex":2},{"rect":[],"fid":"0x2002","fmCount":1,"fmStartIndex":247,"desc":"txt_1","spriteIndex":2},{"rect":[],"fid":"0x2003","fmCount":1,"fmStartIndex":248,"desc":"txt_2","spriteIndex":2},{"rect":[],"fid":"0x2004","fmCount":1,"fmStartIndex":249,"desc":"txt_3","spriteIndex":2},{"rect":[],"fid":"0x2005","fmCount":1,"fmStartIndex":250,"desc":"slingshot","spriteIndex":2},{"rect":[],"fid":"0x2006","fmCount":1,"fmStartIndex":251,"desc":"aim","spriteIndex":2},{"rect":[],"fid":"0x2007","fmCount":1,"fmStartIndex":252,"desc":"GL_logo","spriteIndex":2},{"rect":[],"fid":"0x2008","fmCount":1,"fmStartIndex":253,"desc":"ads_txt","spriteIndex":2},{"rect":[],"fid":"0x2009","fmCount":1,"fmStartIndex":254,"desc":"close","spriteIndex":2},{"rect":[],"fid":"0x200A","fmCount":1,"fmStartIndex":255,"desc":"loading","spriteIndex":2},{"rect":[],"fid":"0x200E","fmCount":1,"fmStartIndex":256,"desc":"loading_txt","spriteIndex":2},{"rect":[],"fid":"0x2010","fmCount":2,"fmStartIndex":257,"desc":"loading_txt1","spriteIndex":2},{"rect":[],"fid":"0x2011","fmCount":3,"fmStartIndex":259,"desc":"loading_txt2","spriteIndex":2},{"rect":[],"fid":"0x2000","fmCount":1,"fmStartIndex":262,"desc":"play_btn","spriteIndex":2},{"rect":[],"fid":"0x200B","fmCount":1,"fmStartIndex":263,"desc":"disconnect_txt","spriteIndex":2},{"rect":[],"fid":"0x200C","fmCount":1,"fmStartIndex":264,"desc":"new_logo","spriteIndex":2},{"rect":[],"fid":"0x200D","fmCount":1,"fmStartIndex":265,"desc":"tutorial_1","spriteIndex":2},{"rect":[],"fid":"0x200F","fmCount":1,"fmStartIndex":266,"desc":"tutorial_2","spriteIndex":2}],"aframes":[{"rotation":0,"scaleX":100,"scaleY":100,"frameIndex":0,"time":1,"ox":0,"oy":0},{"rotation":0,"scaleX":100,"scaleY":100,"frameIndex":49,"time":3,"ox":0,"oy":0},{"rotation":0,"scaleX":100,"scaleY":100,"frameIndex":0,"time":3,"ox":0,"oy":0},{"rotation":0,"scaleX":100,"scaleY":100,"frameIndex":49,"time":3,"ox":0,"oy":0},{"rotation":0,"scaleX":100,"scaleY":100,"frameIndex":50,"time":3,"ox":0,"oy":0},{"rotation":0,"scaleX":100,"scaleY":100,"frameIndex":60,"time":4,"ox":0,"oy":0},{"rotation":0,"scaleX":100,"scaleY":100,"frameIndex":61,"time":4,"ox":0,"oy":0},{"rotation":0,"scaleX":100,"scaleY":100,"frameIndex":62,"time":4,"ox":0,"oy":0},{"rotation":0,"scaleX":100,"scaleY":100,"frameIndex":62,"time":1,"ox":0,"oy":0},{"rotation":0,"scaleX":100,"scaleY":100,"frameIndex":63,"time":3,"ox":0,"oy":0},{"rotation":0,"scaleX":100,"scaleY":100,"frameIndex":64,"time":3,"ox":0,"oy":0},{"rotation":0,"scaleX":100,"scaleY":100,"frameIndex":65,"time":3,"ox":0,"oy":0},{"rotation":0,"scaleX":100,"scaleY":100,"frameIndex":51,"time":3,"ox":0,"oy":0},{"rotation":0,"scaleX":100,"scaleY":100,"frameIndex":52,"time":3,"ox":0,"oy":0},{"rotation":0,"scaleX":100,"scaleY":100,"frameIndex":53,"time":3,"ox":0,"oy":0},{"rotation":0,"scaleX":100,"scaleY":100,"frameIndex":54,"time":3,"ox":0,"oy":0},{"rotation":0,"scaleX":100,"scaleY":100,"frameIndex":55,"time":3,"ox":0,"oy":0},{"rotation":0,"scaleX":100,"scaleY":100,"frameIndex":60,"time":3,"ox":0,"oy":0},{"rotation":0,"scaleX":100,"scaleY":100,"frameIndex":49,"time":3,"ox":0,"oy":0},{"rotation":0,"scaleX":100,"scaleY":100,"frameIndex":56,"time":3,"ox":0,"oy":0},{"rotation":0,"scaleX":100,"scaleY":100,"frameIndex":57,"time":3,"ox":0,"oy":0},{"rotation":0,"scaleX":100,"scaleY":100,"frameIndex":59,"time":3,"ox":0,"oy":0},{"rotation":0,"scaleX":100,"scaleY":100,"frameIndex":58,"time":3,"ox":0,"oy":0},{"rotation":0,"scaleX":100,"scaleY":100,"frameIndex":0,"time":1,"ox":0,"oy":0},{"rotation":0,"scaleX":100,"scaleY":100,"frameIndex":49,"time":3,"ox":0,"oy":0},{"rotation":0,"scaleX":100,"scaleY":100,"frameIndex":0,"time":3,"ox":0,"oy":0},{"rotation":0,"scaleX":100,"scaleY":100,"frameIndex":49,"time":3,"ox":0,"oy":0},{"rotation":0,"scaleX":100,"scaleY":100,"frameIndex":50,"time":3,"ox":0,"oy":0},{"rotation":0,"scaleX":100,"scaleY":100,"frameIndex":126,"time":4,"ox":0,"oy":0},{"rotation":0,"scaleX":100,"scaleY":100,"frameIndex":127,"time":4,"ox":0,"oy":0},{"rotation":0,"scaleX":100,"scaleY":100,"frameIndex":128,"time":4,"ox":0,"oy":0},{"rotation":0,"scaleX":100,"scaleY":100,"frameIndex":128,"time":1,"ox":0,"oy":0},{"rotation":0,"scaleX":100,"scaleY":100,"frameIndex":129,"time":3,"ox":0,"oy":0},{"rotation":0,"scaleX":100,"scaleY":100,"frameIndex":130,"time":3,"ox":0,"oy":0},{"rotation":0,"scaleX":100,"scaleY":100,"frameIndex":131,"time":3,"ox":0,"oy":0},{"rotation":0,"scaleX":100,"scaleY":100,"frameIndex":51,"time":3,"ox":0,"oy":0},{"rotation":0,"scaleX":100,"scaleY":100,"frameIndex":52,"time":3,"ox":0,"oy":0},{"rotation":0,"scaleX":100,"scaleY":100,"frameIndex":53,"time":3,"ox":0,"oy":0},{"rotation":0,"scaleX":100,"scaleY":100,"frameIndex":54,"time":3,"ox":0,"oy":0},{"rotation":0,"scaleX":100,"scaleY":100,"frameIndex":55,"time":3,"ox":0,"oy":0},{"rotation":0,"scaleX":100,"scaleY":100,"frameIndex":126,"time":3,"ox":0,"oy":0},{"rotation":0,"scaleX":100,"scaleY":100,"frameIndex":49,"time":3,"ox":0,"oy":0},{"rotation":0,"scaleX":100,"scaleY":100,"frameIndex":56,"time":3,"ox":0,"oy":0},{"rotation":0,"scaleX":100,"scaleY":100,"frameIndex":57,"time":3,"ox":0,"oy":0},{"rotation":0,"scaleX":100,"scaleY":100,"frameIndex":59,"time":3,"ox":0,"oy":0},{"rotation":0,"scaleX":100,"scaleY":100,"frameIndex":58,"time":3,"ox":0,"oy":0},{"rotation":0,"scaleX":100,"scaleY":100,"frameIndex":0,"time":1,"ox":0,"oy":0},{"rotation":0,"scaleX":100,"scaleY":100,"frameIndex":49,"time":3,"ox":0,"oy":0},{"rotation":0,"scaleX":100,"scaleY":100,"frameIndex":0,"time":3,"ox":0,"oy":0},{"rotation":0,"scaleX":100,"scaleY":100,"frameIndex":49,"time":3,"ox":0,"oy":0},{"rotation":0,"scaleX":100,"scaleY":100,"frameIndex":50,"time":3,"ox":0,"oy":0},{"rotation":0,"scaleX":100,"scaleY":100,"frameIndex":132,"time":4,"ox":0,"oy":0},{"rotation":0,"scaleX":100,"scaleY":100,"frameIndex":133,"time":4,"ox":0,"oy":0},{"rotation":0,"scaleX":100,"scaleY":100,"frameIndex":134,"time":4,"ox":0,"oy":0},{"rotation":0,"scaleX":100,"scaleY":100,"frameIndex":134,"time":1,"ox":0,"oy":0},{"rotation":0,"scaleX":100,"scaleY":100,"frameIndex":135,"time":3,"ox":0,"oy":0},{"rotation":0,"scaleX":100,"scaleY":100,"frameIndex":136,"time":3,"ox":0,"oy":0},{"rotation":0,"scaleX":100,"scaleY":100,"frameIndex":137,"time":3,"ox":0,"oy":0},{"rotation":0,"scaleX":100,"scaleY":100,"frameIndex":51,"time":3,"ox":0,"oy":0},{"rotation":0,"scaleX":100,"scaleY":100,"frameIndex":52,"time":3,"ox":0,"oy":0},{"rotation":0,"scaleX":100,"scaleY":100,"frameIndex":53,"time":3,"ox":0,"oy":0},{"rotation":0,"scaleX":100,"scaleY":100,"frameIndex":54,"time":3,"ox":0,"oy":0},{"rotation":0,"scaleX":100,"scaleY":100,"frameIndex":55,"time":3,"ox":0,"oy":0},{"rotation":0,"scaleX":100,"scaleY":100,"frameIndex":132,"time":3,"ox":0,"oy":0},{"rotation":0,"scaleX":100,"scaleY":100,"frameIndex":49,"time":3,"ox":0,"oy":0},{"rotation":0,"scaleX":100,"scaleY":100,"frameIndex":56,"time":3,"ox":0,"oy":0},{"rotation":0,"scaleX":100,"scaleY":100,"frameIndex":57,"time":3,"ox":0,"oy":0},{"rotation":0,"scaleX":100,"scaleY":100,"frameIndex":59,"time":3,"ox":0,"oy":0},{"rotation":0,"scaleX":100,"scaleY":100,"frameIndex":58,"time":3,"ox":0,"oy":0},{"rotation":0,"scaleX":100,"scaleY":100,"frameIndex":0,"time":1,"ox":0,"oy":0},{"rotation":0,"scaleX":100,"scaleY":100,"frameIndex":49,"time":3,"ox":0,"oy":0},{"rotation":0,"scaleX":100,"scaleY":100,"frameIndex":0,"time":3,"ox":0,"oy":0},{"rotation":0,"scaleX":100,"scaleY":100,"frameIndex":49,"time":3,"ox":0,"oy":0},{"rotation":0,"scaleX":100,"scaleY":100,"frameIndex":50,"time":3,"ox":0,"oy":0},{"rotation":0,"scaleX":100,"scaleY":100,"frameIndex":72,"time":4,"ox":0,"oy":0},{"rotation":0,"scaleX":100,"scaleY":100,"frameIndex":73,"time":4,"ox":0,"oy":0},{"rotation":0,"scaleX":100,"scaleY":100,"frameIndex":74,"time":4,"ox":0,"oy":0},{"rotation":0,"scaleX":100,"scaleY":100,"frameIndex":74,"time":1,"ox":0,"oy":0},{"rotation":0,"scaleX":100,"scaleY":100,"frameIndex":75,"time":3,"ox":0,"oy":0},{"rotation":0,"scaleX":100,"scaleY":100,"frameIndex":76,"time":3,"ox":0,"oy":0},{"rotation":0,"scaleX":100,"scaleY":100,"frameIndex":77,"time":3,"ox":0,"oy":0},{"rotation":0,"scaleX":100,"scaleY":100,"frameIndex":51,"time":3,"ox":0,"oy":0},{"rotation":0,"scaleX":100,"scaleY":100,"frameIndex":52,"time":3,"ox":0,"oy":0},{"rotation":0,"scaleX":100,"scaleY":100,"frameIndex":53,"time":3,"ox":0,"oy":0},{"rotation":0,"scaleX":100,"scaleY":100,"frameIndex":54,"time":3,"ox":0,"oy":0},{"rotation":0,"scaleX":100,"scaleY":100,"frameIndex":55,"time":3,"ox":0,"oy":0},{"rotation":0,"scaleX":100,"scaleY":100,"frameIndex":72,"time":3,"ox":0,"oy":0},{"rotation":0,"scaleX":100,"scaleY":100,"frameIndex":49,"time":3,"ox":0,"oy":0},{"rotation":0,"scaleX":100,"scaleY":100,"frameIndex":56,"time":3,"ox":0,"oy":0},{"rotation":0,"scaleX":100,"scaleY":100,"frameIndex":57,"time":3,"ox":0,"oy":0},{"rotation":0,"scaleX":100,"scaleY":100,"frameIndex":59,"time":3,"ox":0,"oy":0},{"rotation":0,"scaleX":100,"scaleY":100,"frameIndex":58,"time":3,"ox":0,"oy":0},{"rotation":0,"scaleX":100,"scaleY":100,"frameIndex":0,"time":1,"ox":0,"oy":0},{"rotation":0,"scaleX":100,"scaleY":100,"frameIndex":48,"time":1,"ox":0,"oy":0},{"rotation":0,"scaleX":140,"scaleY":140,"frameIndex":104,"time":2,"ox":0,"oy":0},{"rotation":0,"scaleX":130,"scaleY":130,"frameIndex":104,"time":2,"ox":0,"oy":0},{"rotation":0,"scaleX":120,"scaleY":120,"frameIndex":104,"time":2,"ox":0,"oy":0},{"rotation":0,"scaleX":100,"scaleY":100,"frameIndex":104,"time":2,"ox":0,"oy":0},{"rotation":0,"scaleX":80,"scaleY":80,"frameIndex":104,"time":2,"ox":0,"oy":0},{"rotation":0,"scaleX":90,"scaleY":90,"frameIndex":104,"time":2,"ox":0,"oy":0},{"rotation":0,"scaleX":100,"scaleY":100,"frameIndex":104,"time":20,"ox":0,"oy":0},{"rotation":0,"scaleX":140,"scaleY":140,"frameIndex":105,"time":2,"ox":0,"oy":0},{"rotation":0,"scaleX":130,"scaleY":130,"frameIndex":105,"time":2,"ox":0,"oy":0},{"rotation":0,"scaleX":120,"scaleY":120,"frameIndex":105,"time":2,"ox":0,"oy":0},{"rotation":0,"scaleX":100,"scaleY":100,"frameIndex":105,"time":2,"ox":0,"oy":0},{"rotation":0,"scaleX":80,"scaleY":80,"frameIndex":105,"time":2,"ox":0,"oy":0},{"rotation":0,"scaleX":90,"scaleY":90,"frameIndex":105,"time":2,"ox":0,"oy":0},{"rotation":0,"scaleX":100,"scaleY":100,"frameIndex":105,"time":20,"ox":0,"oy":0},{"rotation":0,"scaleX":140,"scaleY":140,"frameIndex":106,"time":2,"ox":0,"oy":0},{"rotation":0,"scaleX":130,"scaleY":130,"frameIndex":106,"time":2,"ox":0,"oy":0},{"rotation":0,"scaleX":120,"scaleY":120,"frameIndex":106,"time":2,"ox":0,"oy":0},{"rotation":0,"scaleX":100,"scaleY":100,"frameIndex":106,"time":2,"ox":0,"oy":0},{"rotation":0,"scaleX":80,"scaleY":80,"frameIndex":106,"time":2,"ox":0,"oy":0},{"rotation":0,"scaleX":90,"scaleY":90,"frameIndex":106,"time":2,"ox":0,"oy":0},{"rotation":0,"scaleX":100,"scaleY":100,"frameIndex":106,"time":20,"ox":0,"oy":0},{"rotation":0,"scaleX":140,"scaleY":140,"frameIndex":107,"time":2,"ox":0,"oy":0},{"rotation":0,"scaleX":130,"scaleY":130,"frameIndex":107,"time":2,"ox":0,"oy":0},{"rotation":0,"scaleX":120,"scaleY":120,"frameIndex":107,"time":2,"ox":0,"oy":0},{"rotation":0,"scaleX":100,"scaleY":100,"frameIndex":107,"time":2,"ox":0,"oy":0},{"rotation":0,"scaleX":80,"scaleY":80,"frameIndex":107,"time":2,"ox":0,"oy":0},{"rotation":0,"scaleX":90,"scaleY":90,"frameIndex":107,"time":2,"ox":0,"oy":0},{"rotation":0,"scaleX":100,"scaleY":100,"frameIndex":107,"time":20,"ox":0,"oy":0},{"rotation":0,"scaleX":140,"scaleY":140,"frameIndex":108,"time":2,"ox":0,"oy":0},{"rotation":0,"scaleX":130,"scaleY":130,"frameIndex":108,"time":2,"ox":0,"oy":0},{"rotation":0,"scaleX":120,"scaleY":120,"frameIndex":108,"time":2,"ox":0,"oy":0},{"rotation":0,"scaleX":100,"scaleY":100,"frameIndex":108,"time":2,"ox":0,"oy":0},{"rotation":0,"scaleX":80,"scaleY":80,"frameIndex":108,"time":2,"ox":0,"oy":0},{"rotation":0,"scaleX":90,"scaleY":90,"frameIndex":108,"time":2,"ox":0,"oy":0},{"rotation":0,"scaleX":100,"scaleY":100,"frameIndex":108,"time":20,"ox":0,"oy":0},{"rotation":0,"scaleX":140,"scaleY":140,"frameIndex":109,"time":2,"ox":0,"oy":0},{"rotation":0,"scaleX":130,"scaleY":130,"frameIndex":109,"time":2,"ox":0,"oy":0},{"rotation":0,"scaleX":120,"scaleY":120,"frameIndex":109,"time":2,"ox":0,"oy":0},{"rotation":0,"scaleX":100,"scaleY":100,"frameIndex":109,"time":2,"ox":0,"oy":0},{"rotation":0,"scaleX":80,"scaleY":80,"frameIndex":109,"time":2,"ox":0,"oy":0},{"rotation":0,"scaleX":90,"scaleY":90,"frameIndex":109,"time":2,"ox":0,"oy":0},{"rotation":0,"scaleX":100,"scaleY":100,"frameIndex":109,"time":20,"ox":0,"oy":0},{"rotation":0,"scaleX":140,"scaleY":140,"frameIndex":110,"time":2,"ox":0,"oy":0},{"rotation":0,"scaleX":130,"scaleY":130,"frameIndex":110,"time":2,"ox":0,"oy":0},{"rotation":0,"scaleX":120,"scaleY":120,"frameIndex":110,"time":2,"ox":0,"oy":0},{"rotation":0,"scaleX":100,"scaleY":100,"frameIndex":110,"time":2,"ox":0,"oy":0},{"rotation":0,"scaleX":80,"scaleY":80,"frameIndex":110,"time":2,"ox":0,"oy":0},{"rotation":0,"scaleX":90,"scaleY":90,"frameIndex":110,"time":2,"ox":0,"oy":0},{"rotation":0,"scaleX":100,"scaleY":100,"frameIndex":110,"time":20,"ox":0,"oy":0},{"rotation":0,"scaleX":140,"scaleY":140,"frameIndex":111,"time":2,"ox":0,"oy":0},{"rotation":0,"scaleX":130,"scaleY":130,"frameIndex":111,"time":2,"ox":0,"oy":0},{"rotation":0,"scaleX":120,"scaleY":120,"frameIndex":111,"time":2,"ox":0,"oy":0},{"rotation":0,"scaleX":100,"scaleY":100,"frameIndex":111,"time":2,"ox":0,"oy":0},{"rotation":0,"scaleX":80,"scaleY":80,"frameIndex":111,"time":2,"ox":0,"oy":0},{"rotation":0,"scaleX":90,"scaleY":90,"frameIndex":111,"time":2,"ox":0,"oy":0},{"rotation":0,"scaleX":100,"scaleY":100,"frameIndex":111,"time":20,"ox":0,"oy":0},{"rotation":0,"scaleX":140,"scaleY":140,"frameIndex":112,"time":2,"ox":0,"oy":0},{"rotation":0,"scaleX":130,"scaleY":130,"frameIndex":112,"time":2,"ox":0,"oy":0},{"rotation":0,"scaleX":120,"scaleY":120,"frameIndex":112,"time":2,"ox":0,"oy":0},{"rotation":0,"scaleX":100,"scaleY":100,"frameIndex":112,"time":2,"ox":0,"oy":0},{"rotation":0,"scaleX":80,"scaleY":80,"frameIndex":112,"time":2,"ox":0,"oy":0},{"rotation":0,"scaleX":90,"scaleY":90,"frameIndex":112,"time":2,"ox":0,"oy":0},{"rotation":0,"scaleX":100,"scaleY":100,"frameIndex":112,"time":20,"ox":0,"oy":0},{"rotation":0,"scaleX":140,"scaleY":140,"frameIndex":113,"time":2,"ox":0,"oy":0},{"rotation":0,"scaleX":130,"scaleY":130,"frameIndex":113,"time":2,"ox":0,"oy":0},{"rotation":0,"scaleX":120,"scaleY":120,"frameIndex":113,"time":2,"ox":0,"oy":0},{"rotation":0,"scaleX":100,"scaleY":100,"frameIndex":113,"time":2,"ox":0,"oy":0},{"rotation":0,"scaleX":80,"scaleY":80,"frameIndex":113,"time":2,"ox":0,"oy":0},{"rotation":0,"scaleX":90,"scaleY":90,"frameIndex":113,"time":2,"ox":0,"oy":0},{"rotation":0,"scaleX":100,"scaleY":100,"frameIndex":113,"time":20,"ox":0,"oy":0},{"rotation":0,"scaleX":100,"scaleY":100,"frameIndex":49,"time":3,"ox":0,"oy":0},{"rotation":0,"scaleX":100,"scaleY":100,"frameIndex":0,"time":3,"ox":0,"oy":0},{"rotation":0,"scaleX":100,"scaleY":100,"frameIndex":49,"time":3,"ox":0,"oy":0},{"rotation":0,"scaleX":100,"scaleY":100,"frameIndex":50,"time":3,"ox":0,"oy":0},{"rotation":0,"scaleX":100,"scaleY":100,"frameIndex":114,"time":4,"ox":0,"oy":0},{"rotation":0,"scaleX":100,"scaleY":100,"frameIndex":115,"time":4,"ox":0,"oy":0},{"rotation":0,"scaleX":100,"scaleY":100,"frameIndex":116,"time":4,"ox":0,"oy":0},{"rotation":0,"scaleX":100,"scaleY":100,"frameIndex":116,"time":1,"ox":0,"oy":0},{"rotation":0,"scaleX":100,"scaleY":100,"frameIndex":117,"time":3,"ox":0,"oy":0},{"rotation":0,"scaleX":100,"scaleY":100,"frameIndex":118,"time":3,"ox":0,"oy":0},{"rotation":0,"scaleX":100,"scaleY":100,"frameIndex":119,"time":3,"ox":0,"oy":0},{"rotation":0,"scaleX":100,"scaleY":100,"frameIndex":51,"time":3,"ox":0,"oy":0},{"rotation":0,"scaleX":100,"scaleY":100,"frameIndex":52,"time":3,"ox":0,"oy":0},{"rotation":0,"scaleX":100,"scaleY":100,"frameIndex":53,"time":3,"ox":0,"oy":0},{"rotation":0,"scaleX":100,"scaleY":100,"frameIndex":54,"time":3,"ox":0,"oy":0},{"rotation":0,"scaleX":100,"scaleY":100,"frameIndex":55,"time":3,"ox":0,"oy":0},{"rotation":0,"scaleX":100,"scaleY":100,"frameIndex":114,"time":3,"ox":0,"oy":0},{"rotation":0,"scaleX":100,"scaleY":100,"frameIndex":49,"time":3,"ox":0,"oy":0},{"rotation":0,"scaleX":100,"scaleY":100,"frameIndex":56,"time":3,"ox":0,"oy":0},{"rotation":0,"scaleX":100,"scaleY":100,"frameIndex":57,"time":3,"ox":0,"oy":0},{"rotation":0,"scaleX":100,"scaleY":100,"frameIndex":59,"time":3,"ox":0,"oy":0},{"rotation":0,"scaleX":100,"scaleY":100,"frameIndex":58,"time":3,"ox":0,"oy":0},{"rotation":0,"scaleX":100,"scaleY":100,"frameIndex":0,"time":1,"ox":0,"oy":0},{"rotation":0,"scaleX":100,"scaleY":100,"frameIndex":49,"time":3,"ox":0,"oy":0},{"rotation":0,"scaleX":100,"scaleY":100,"frameIndex":0,"time":3,"ox":0,"oy":0},{"rotation":0,"scaleX":100,"scaleY":100,"frameIndex":49,"time":3,"ox":0,"oy":0},{"rotation":0,"scaleX":100,"scaleY":100,"frameIndex":50,"time":3,"ox":0,"oy":0},{"rotation":0,"scaleX":100,"scaleY":100,"frameIndex":120,"time":4,"ox":0,"oy":0},{"rotation":0,"scaleX":100,"scaleY":100,"frameIndex":121,"time":4,"ox":0,"oy":0},{"rotation":0,"scaleX":100,"scaleY":100,"frameIndex":122,"time":4,"ox":0,"oy":0},{"rotation":0,"scaleX":100,"scaleY":100,"frameIndex":122,"time":1,"ox":0,"oy":0},{"rotation":0,"scaleX":100,"scaleY":100,"frameIndex":123,"time":3,"ox":0,"oy":0},{"rotation":0,"scaleX":100,"scaleY":100,"frameIndex":124,"time":3,"ox":0,"oy":0},{"rotation":0,"scaleX":100,"scaleY":100,"frameIndex":125,"time":3,"ox":0,"oy":0},{"rotation":0,"scaleX":100,"scaleY":100,"frameIndex":51,"time":3,"ox":0,"oy":0},{"rotation":0,"scaleX":100,"scaleY":100,"frameIndex":52,"time":3,"ox":0,"oy":0},{"rotation":0,"scaleX":100,"scaleY":100,"frameIndex":53,"time":3,"ox":0,"oy":0},{"rotation":0,"scaleX":100,"scaleY":100,"frameIndex":54,"time":3,"ox":0,"oy":0},{"rotation":0,"scaleX":100,"scaleY":100,"frameIndex":55,"time":3,"ox":0,"oy":0},{"rotation":0,"scaleX":100,"scaleY":100,"frameIndex":120,"time":3,"ox":0,"oy":0},{"rotation":0,"scaleX":100,"scaleY":100,"frameIndex":49,"time":3,"ox":0,"oy":0},{"rotation":0,"scaleX":100,"scaleY":100,"frameIndex":56,"time":3,"ox":0,"oy":0},{"rotation":0,"scaleX":100,"scaleY":100,"frameIndex":57,"time":3,"ox":0,"oy":0},{"rotation":0,"scaleX":100,"scaleY":100,"frameIndex":59,"time":3,"ox":0,"oy":0},{"rotation":0,"scaleX":100,"scaleY":100,"frameIndex":58,"time":3,"ox":0,"oy":0},{"rotation":0,"scaleX":100,"scaleY":100,"frameIndex":0,"time":1,"ox":0,"oy":0},{"rotation":0,"scaleX":100,"scaleY":100,"frameIndex":161,"time":1,"ox":0,"oy":0},{"rotation":0,"scaleX":100,"scaleY":100,"frameIndex":163,"time":4,"ox":0,"oy":0},{"rotation":0,"scaleX":100,"scaleY":100,"frameIndex":164,"time":4,"ox":0,"oy":0},{"rotation":0,"scaleX":100,"scaleY":100,"frameIndex":165,"time":4,"ox":0,"oy":0},{"rotation":0,"scaleX":100,"scaleY":100,"frameIndex":166,"time":4,"ox":0,"oy":0},{"rotation":0,"scaleX":100,"scaleY":100,"frameIndex":162,"time":4,"ox":0,"oy":0},{"rotation":0,"scaleX":100,"scaleY":100,"frameIndex":167,"time":4,"ox":0,"oy":0},{"rotation":0,"scaleX":100,"scaleY":100,"frameIndex":168,"time":4,"ox":0,"oy":0},{"rotation":0,"scaleX":100,"scaleY":100,"frameIndex":169,"time":4,"ox":0,"oy":0},{"rotation":0,"scaleX":100,"scaleY":100,"frameIndex":170,"time":4,"ox":0,"oy":0},{"rotation":0,"scaleX":100,"scaleY":100,"frameIndex":171,"time":4,"ox":0,"oy":0},{"rotation":0,"scaleX":100,"scaleY":100,"frameIndex":161,"time":1,"ox":0,"oy":0},{"rotation":0,"scaleX":100,"scaleY":100,"frameIndex":172,"time":1,"ox":0,"oy":0},{"rotation":0,"scaleX":100,"scaleY":100,"frameIndex":183,"time":10,"ox":0,"oy":0},{"rotation":0,"scaleX":100,"scaleY":100,"frameIndex":184,"time":10,"ox":0,"oy":0},{"rotation":0,"scaleX":100,"scaleY":100,"frameIndex":185,"time":10,"ox":0,"oy":0}],"anims":[{"aid":"0x3000","aFramesCount":1,"aFramesStartIndex":0,"desc":"empty","spriteIndex":0},{"aid":"0x3001","aFramesCount":7,"aFramesStartIndex":1,"desc":"enemy_appear","spriteIndex":0},{"aid":"0x3002","aFramesCount":16,"aFramesStartIndex":8,"desc":"enemy_disappear","spriteIndex":0},{"aid":"0x3014","aFramesCount":7,"aFramesStartIndex":24,"desc":"enemy1_appear","spriteIndex":0},{"aid":"0x3015","aFramesCount":16,"aFramesStartIndex":31,"desc":"enemy1_disappear","spriteIndex":0},{"aid":"0x3016","aFramesCount":7,"aFramesStartIndex":47,"desc":"enemy2_appear","spriteIndex":0},{"aid":"0x3017","aFramesCount":16,"aFramesStartIndex":54,"desc":"enemy2_disappear","spriteIndex":0},{"aid":"0x3006","aFramesCount":7,"aFramesStartIndex":70,"desc":"bomb_appear","spriteIndex":0},{"aid":"0x3007","aFramesCount":16,"aFramesStartIndex":77,"desc":"bomb_disappear","spriteIndex":0},{"aid":"0x3005","aFramesCount":1,"aFramesStartIndex":93,"desc":"bullet","spriteIndex":0},{"aid":"0x3008","aFramesCount":7,"aFramesStartIndex":94,"desc":"combo_3","spriteIndex":0},{"aid":"0x3009","aFramesCount":7,"aFramesStartIndex":101,"desc":"combo_6","spriteIndex":0},{"aid":"0x300A","aFramesCount":7,"aFramesStartIndex":108,"desc":"combo_9","spriteIndex":0},{"aid":"0x300B","aFramesCount":7,"aFramesStartIndex":115,"desc":"combo_12","spriteIndex":0},{"aid":"0x300C","aFramesCount":7,"aFramesStartIndex":122,"desc":"combo_15","spriteIndex":0},{"aid":"0x300D","aFramesCount":7,"aFramesStartIndex":129,"desc":"combo_18","spriteIndex":0},{"aid":"0x300E","aFramesCount":7,"aFramesStartIndex":136,"desc":"combo_21","spriteIndex":0},{"aid":"0x300F","aFramesCount":7,"aFramesStartIndex":143,"desc":"combo_24","spriteIndex":0},{"aid":"0x3010","aFramesCount":7,"aFramesStartIndex":150,"desc":"combo_27","spriteIndex":0},{"aid":"0x3011","aFramesCount":7,"aFramesStartIndex":157,"desc":"combo_30","spriteIndex":0},{"aid":"0x3003","aFramesCount":7,"aFramesStartIndex":164,"desc":"banana_appear","spriteIndex":0},{"aid":"0x3004","aFramesCount":16,"aFramesStartIndex":171,"desc":"banana_disappear","spriteIndex":0},{"aid":"0x3012","aFramesCount":7,"aFramesStartIndex":187,"desc":"milk_appear","spriteIndex":0},{"aid":"0x3013","aFramesCount":16,"aFramesStartIndex":194,"desc":"milk_disappear","spriteIndex":0},{"aid":"0x3000","aFramesCount":1,"aFramesStartIndex":210,"desc":"empty","spriteIndex":1},{"aid":"0x3003","aFramesCount":5,"aFramesStartIndex":211,"desc":"slingshot","spriteIndex":1},{"aid":"0x3004","aFramesCount":6,"aFramesStartIndex":216,"desc":"bullet_effect","spriteIndex":1},{"aid":"0x3011","aFramesCount":1,"aFramesStartIndex":222,"desc":"empty","spriteIndex":2},{"aid":"0x3000","aFramesCount":3,"aFramesStartIndex":223,"desc":"loading_txt","spriteIndex":2}],"sprites":["GAME","GAME1","PRELOAD"]}